Stadtteil;Jahr;Geschlecht;bulgarisch;griechisch;indisch;italienisch;kroatisch;polnisch;rumaenisch;serbisch;spanisch;Tuerkisch
Altstadt;2018;insgesamt;63;46;49;114;112;65;39;66;57;119
Altstadt;2018;weiblich;31;23;22;41;57;32;23;37;28;64
Altstadt;2018;männlich;32;23;27;73;55;33;16;29;29;55
Innenstadt;2018;insgesamt;169;92;88;210;253;116;202;164;116;264
Innenstadt;2018;weiblich;79;46;31;73;138;60;91;81;51;116
Innenstadt;2018;männlich;90;46;57;137;115;56;111;83;65;148
Bahnhofsviertel;2018;insgesamt;181;87;86;57;35;76;264;39;49;102
Bahnhofsviertel;2018;weiblich;86;38;19;17;15;29;140;15;24;31
Bahnhofsviertel;2018;männlich;95;49;67;40;20;47;124;24;25;71
Westend-Süd;2018;insgesamt;134;171;147;495;143;167;125;86;258;165
Westend-Süd;2018;weiblich;70;77;65;244;77;108;78;47;144;74
Westend-Süd;2018;männlich;64;94;82;251;66;59;47;39;114;91
Westend-Nord;2018;insgesamt;83;79;67;226;120;73;80;88;115;204
Westend-Nord;2018;weiblich;44;37;34;106;68;46;43;45;55;102
Westend-Nord;2018;männlich;39;42;33;120;52;27;37;43;60;102
Nordend-West;2018;insgesamt;156;230;205;605;637;245;274;270;325;353
Nordend-West;2018;weiblich;81;123;76;270;274;126;124;128;176;170
Nordend-West;2018;männlich;75;107;129;335;363;119;150;142;149;183
Nordend-Ost;2018;insgesamt;94;161;184;471;456;234;176;222;235;426
Nordend-Ost;2018;weiblich;55;70;74;201;244;128;97;114;136;208
Nordend-Ost;2018;männlich;39;91;110;270;212;106;79;108;99;218
Ostend;2018;insgesamt;203;262;225;539;905;381;390;543;294;925
Ostend;2018;weiblich;91;114;97;254;418;215;200;280;147;460
Ostend;2018;männlich;112;148;128;285;487;166;190;263;147;465
Bornheim;2018;insgesamt;149;187;188;681;743;298;214;391;260;832
Bornheim;2018;weiblich;83;89;91;314;384;165;104;214;152;409
Bornheim;2018;männlich;66;98;97;367;359;133;110;177;108;423
Gutleutviertel;2018;insgesamt;96;181;189;122;261;130;102;65;93;179
Gutleutviertel;2018;weiblich;47;87;45;43;121;62;36;29;43;74
Gutleutviertel;2018;männlich;49;94;144;79;140;68;66;36;50;105
Gallus;2018;insgesamt;809;674;818;682;1169;810;908;1028;480;1776
Gallus;2018;weiblich;387;308;338;284;560;358;333;435;225;833
Gallus;2018;männlich;422;366;480;398;609;452;575;593;255;943
Bockenheim;2018;insgesamt;449;537;576;884;627;492;602;328;408;1328
Bockenheim;2018;weiblich;235;268;239;401;295;242;297;182;194;641
Bockenheim;2018;männlich;214;269;337;483;332;250;305;146;214;687
Sachsenhausen-Nord;2018;insgesamt;261;277;182;688;554;368;302;360;396;530
Sachsenhausen-Nord;2018;weiblich;122;128;78;310;293;215;139;169;209;267
Sachsenhausen-Nord;2018;männlich;139;149;104;378;261;153;163;191;187;263
Sachsenhausen-Süd (inkl. Flughafen);2018;insgesamt;178;174;273;517;569;364;277;275;292;455
Sachsenhausen-Süd (inkl. Flughafen);2018;weiblich;93;80;108;211;303;203;150;134;142;218
Sachsenhausen-Süd (inkl. Flughafen);2018;männlich;85;94;165;306;266;161;127;141;150;237
Oberrad;2018;insgesamt;132;81;80;286;401;389;347;259;79;584
Oberrad;2018;weiblich;60;38;34;130;199;194;151;125;41;272
Oberrad;2018;männlich;72;43;46;156;202;195;196;134;38;312
Niederrad;2018;insgesamt;205;241;460;407;935;390;358;338;371;892
Niederrad;2018;weiblich;106;117;187;167;470;191;194;169;208;427
Niederrad;2018;männlich;99;124;273;240;465;199;164;169;163;465
Schwanheim;2018;insgesamt;146;92;68;273;341;277;249;161;167;1017
Schwanheim;2018;weiblich;69;39;32;116;153;145;119;80;73;498
Schwanheim;2018;männlich;77;53;36;157;188;132;130;81;94;519
Griesheim;2018;insgesamt;533;380;247;680;593;967;821;542;231;1394
Griesheim;2018;weiblich;235;195;119;300;261;229;253;204;99;716
Griesheim;2018;männlich;298;185;128;380;332;738;568;338;132;678
Rödelheim;2018;insgesamt;317;144;524;425;385;412;280;156;202;607
Rödelheim;2018;weiblich;164;69;228;177;196;199;150;78;96;299
Rödelheim;2018;männlich;153;75;296;248;189;213;130;78;106;308
Hausen;2018;insgesamt;70;53;80;90;90;91;56;55;48;275
Hausen;2018;weiblich;45;22;40;41;46;45;26;30;23;133
Hausen;2018;männlich;25;31;40;49;44;46;30;25;25;142
Praunheim;2018;insgesamt;84;73;65;227;314;294;188;149;123;594
Praunheim;2018;weiblich;37;36;23;97;151;165;96;83;56;306
Praunheim;2018;männlich;47;37;42;130;163;129;92;66;67;288
Heddernheim;2018;insgesamt;93;108;63;441;292;226;132;154;136;671
Heddernheim;2018;weiblich;45;43;31;206;151;126;67;88;76;340
Heddernheim;2018;männlich;48;65;32;235;141;100;65;66;60;331
Niederursel;2018;insgesamt;127;95;111;271;326;230;99;121;140;820
Niederursel;2018;weiblich;71;49;52;122;150;131;46;62;76;415
Niederursel;2018;männlich;56;46;59;149;176;99;53;59;64;405
Ginnheim;2018;insgesamt;97;151;69;222;319;266;152;160;122;560
Ginnheim;2018;weiblich;49;78;35;90;164;134;73;79;68;289
Ginnheim;2018;männlich;48;73;34;132;155;132;79;81;54;271
Dornbusch;2018;insgesamt;70;143;108;351;335;232;96;175;142;378
Dornbusch;2018;weiblich;43;70;47;169;173;123;47;87;67;184
Dornbusch;2018;männlich;27;73;61;182;162;109;49;88;75;194
Eschersheim;2018;insgesamt;75;58;64;262;258;231;193;125;96;351
Eschersheim;2018;weiblich;37;29;20;110;135;131;83;65;40;179
Eschersheim;2018;männlich;38;29;44;152;123;100;110;60;56;172
Eckenheim;2018;insgesamt;119;87;83;269;407;198;164;167;70;677
Eckenheim;2018;weiblich;53;36;39;110;195;109;85;99;32;350
Eckenheim;2018;männlich;66;51;44;159;212;89;79;68;38;327
Preungesheim;2018;insgesamt;182;103;63;353;500;243;177;223;136;585
Preungesheim;2018;weiblich;78;47;33;160;245;145;81;107;65;300
Preungesheim;2018;männlich;104;56;30;193;255;98;96;116;71;285
Bonames;2018;insgesamt;74;110;51;99;118;126;112;63;65;189
Bonames;2018;weiblich;24;55;22;49;60;73;49;35;24;88
Bonames;2018;männlich;50;55;29;50;58;53;63;28;41;101
Berkersheim;2018;insgesamt;7;18;7;52;39;56;22;14;19;65
Berkersheim;2018;weiblich;3;11;4;31;18;37;9;7;9;34
Berkersheim;2018;männlich;4;7;3;21;21;19;13;7;10;31
Riederwald;2018;insgesamt;38;20;12;160;81;50;34;54;52;247
Riederwald;2018;weiblich;23;10;9;65;40;32;17;30;21;125
Riederwald;2018;männlich;15;10;3;95;41;18;17;24;31;122
Seckbach;2018;insgesamt;185;46;23;189;310;207;425;185;80;330
Seckbach;2018;weiblich;99;22;8;87;132;97;185;59;38;165
Seckbach;2018;männlich;86;24;15;102;178;110;240;126;42;165
Fechenheim;2018;insgesamt;512;141;122;563;516;706;548;414;145;1209
Fechenheim;2018;weiblich;220;72;39;243;221;235;267;176;62;595
Fechenheim;2018;männlich;292;69;83;320;295;471;281;238;83;614
Höchst;2018;insgesamt;762;202;166;444;445;312;535;284;214;745
Höchst;2018;weiblich;362;104;77;182;179;150;225;144;100;365
Höchst;2018;männlich;400;98;89;262;266;162;310;140;114;380
Nied;2018;insgesamt;588;193;193;461;538;606;520;301;160;1266
Nied;2018;weiblich;289;81;80;211;244;271;219;133;83;625
Nied;2018;männlich;299;112;113;250;294;335;301;168;77;641
Sindlingen;2018;insgesamt;119;77;164;213;159;220;125;106;101;516
Sindlingen;2018;weiblich;58;35;83;83;66;92;64;45;39;245
Sindlingen;2018;männlich;61;42;81;130;93;128;61;61;62;271
Zeilsheim;2018;insgesamt;230;93;97;279;252;214;139;115;258;672
Zeilsheim;2018;weiblich;106;43;48;109;114;115;69;51;113;340
Zeilsheim;2018;männlich;124;50;49;170;138;99;70;64;145;332
Unterliederbach;2018;insgesamt;198;169;125;499;348;345;191;325;245;774
Unterliederbach;2018;weiblich;102;80;57;223;158;134;92;126;105;391
Unterliederbach;2018;männlich;96;89;68;276;190;211;99;199;140;383
Sossenheim;2018;insgesamt;457;110;158;383;301;470;308;208;129;1065
Sossenheim;2018;weiblich;222;52;70;174;147;241;159;94;62;534
Sossenheim;2018;männlich;235;58;88;209;154;229;149;114;67;531
Nieder-Erlenbach;2018;insgesamt;8;13;7;49;32;88;36;7;22;17
Nieder-Erlenbach;2018;weiblich;5;6;3;25;19;29;17;4;13;10
Nieder-Erlenbach;2018;männlich;3;7;4;24;13;59;19;3;9;7
Kalbach-Riedberg;2018;insgesamt;51;83;248;277;187;192;117;94;140;297
Kalbach-Riedberg;2018;weiblich;25;36;109;127;103;103;59;48;65;149
Kalbach-Riedberg;2018;männlich;26;47;139;150;84;89;58;46;75;148
Harheim;2018;insgesamt;11;10;11;41;38;54;20;19;16;41
Harheim;2018;weiblich;5;5;5;21;14;22;13;9;6;23
Harheim;2018;männlich;6;5;6;20;24;32;7;10;10;18
Nieder-Eschbach;2018;insgesamt;40;104;85;150;198;201;122;67;54;284
Nieder-Eschbach;2018;weiblich;20;51;37;73;89;107;57;38;30;143
Nieder-Eschbach;2018;männlich;20;53;48;77;109;94;65;29;24;141
Bergen-Enkheim;2018;insgesamt;101;111;30;378;481;233;141;167;100;379
Bergen-Enkheim;2018;weiblich;47;54;10;168;227;128;73;87;55;189
Bergen-Enkheim;2018;männlich;54;57;20;210;254;105;68;80;45;190
Frankfurter Berg;2018;insgesamt;22;43;47;157;163;151;117;81;41;236
Frankfurter Berg;2018;weiblich;13;21;20;66;76;65;59;43;19;120
Frankfurter Berg;2018;männlich;9;22;27;91;87;86;58;38;22;116
Altstadt;2019;insgesamt;77;47;51;112;104;60;50;70;57;115
Altstadt;2019;weiblich;38;23;21;46;58;30;30;39;27;69
Altstadt;2019;männlich;39;24;30;66;46;30;20;31;30;46
Innenstadt;2019;insgesamt;152;85;106;201;267;105;205;171;107;243
Innenstadt;2019;weiblich;80;44;42;72;142;50;99;89;55;103
Innenstadt;2019;männlich;72;41;64;129;125;55;106;82;52;140
Bahnhofsviertel;2019;insgesamt;151;92;96;63;33;77;213;35;54;101
Bahnhofsviertel;2019;weiblich;71;39;19;15;10;28;103;15;24;30
Bahnhofsviertel;2019;männlich;80;53;77;48;23;49;110;20;30;71
Westend-Süd;2019;insgesamt;139;179;150;527;148;161;133;80;250;185
Westend-Süd;2019;weiblich;75;82;66;282;85;104;80;46;137;80
Westend-Süd;2019;männlich;64;97;84;245;63;57;53;34;113;105
Westend-Nord;2019;insgesamt;81;72;75;234;133;72;68;83;117;206
Westend-Nord;2019;weiblich;43;32;36;121;76;48;40;43;51;101
Westend-Nord;2019;männlich;38;40;39;113;57;24;28;40;66;105
Nordend-West;2019;insgesamt;167;238;227;596;514;235;267;280;296;359
Nordend-West;2019;weiblich;84;127;84;256;262;121;127;137;159;166
Nordend-West;2019;männlich;83;111;143;340;252;114;140;143;137;193
Nordend-Ost;2019;insgesamt;107;158;193;457;420;217;165;221;238;420
Nordend-Ost;2019;weiblich;60;69;82;201;218;125;95;117;135;208
Nordend-Ost;2019;männlich;47;89;111;256;202;92;70;104;103;212
Ostend;2019;insgesamt;202;266;269;527;844;352;392;539;283;921
Ostend;2019;weiblich;100;118;116;243;395;198;192;276;148;445
Ostend;2019;männlich;102;148;153;284;449;154;200;263;135;476
Bornheim;2019;insgesamt;140;170;176;664;741;294;239;391;279;813
Bornheim;2019;weiblich;73;87;84;307;388;159;121;214;156;402
Bornheim;2019;männlich;67;83;92;357;353;135;118;177;123;411
Gutleutviertel;2019;insgesamt;86;155;209;122;235;130;115;81;82;191
Gutleutviertel;2019;weiblich;43;78;57;47;111;61;52;31;39;86
Gutleutviertel;2019;männlich;43;77;152;75;124;69;63;50;43;105
Gallus;2019;insgesamt;815;686;927;740;1152;706;773;1059;509;1825
Gallus;2019;weiblich;392;318;380;302;569;347;356;449;240;844
Gallus;2019;männlich;423;368;547;438;583;359;417;610;269;981
Bockenheim;2019;insgesamt;432;515;704;869;635;484;600;343;415;1304
Bockenheim;2019;weiblich;211;255;298;387;310;243;288;190;208;626
Bockenheim;2019;männlich;221;260;406;482;325;241;312;153;207;678
Sachsenhausen-Nord;2019;insgesamt;227;285;211;683;532;333;284;365;399;558
Sachsenhausen-Nord;2019;weiblich;105;133;93;307;282;191;144;171;213;279
Sachsenhausen-Nord;2019;männlich;122;152;118;376;250;142;140;194;186;279
Sachsenhausen-Süd (inkl. Flughafen);2019;insgesamt;168;169;302;512;575;363;259;301;285;452
Sachsenhausen-Süd (inkl. Flughafen);2019;weiblich;86;84;122;205;314;197;142;135;135;214
Sachsenhausen-Süd (inkl. Flughafen);2019;männlich;82;85;180;307;261;166;117;166;150;238
Oberrad;2019;insgesamt;141;95;89;264;421;324;382;271;87;558
Oberrad;2019;weiblich;69;44;33;117;210;153;172;133;37;261
Oberrad;2019;männlich;72;51;56;147;211;171;210;138;50;297
Niederrad;2019;insgesamt;236;236;558;434;984;393;406;364;384;907
Niederrad;2019;weiblich;122;112;235;172;497;198;214;185;209;439
Niederrad;2019;männlich;114;124;323;262;487;195;192;179;175;468
Schwanheim;2019;insgesamt;146;91;78;272;349;283;256;163;177;997
Schwanheim;2019;weiblich;74;38;33;116;156;146;121;87;81;488
Schwanheim;2019;männlich;72;53;45;156;193;137;135;76;96;509
Griesheim;2019;insgesamt;510;375;286;667;623;869;814;497;237;1353
Griesheim;2019;weiblich;227;199;134;304;271;219;261;202;101;694
Griesheim;2019;männlich;283;176;152;363;352;650;553;295;136;659
Rödelheim;2019;insgesamt;285;137;553;389;405;400;289;171;219;595
Rödelheim;2019;weiblich;141;67;238;175;208;196;136;79;106;293
Rödelheim;2019;männlich;144;70;315;214;197;204;153;92;113;302
Hausen;2019;insgesamt;63;52;100;96;90;99;82;71;54;274
Hausen;2019;weiblich;41;20;42;40;46;46;43;35;25;137
Hausen;2019;männlich;22;32;58;56;44;53;39;36;29;137
Praunheim;2019;insgesamt;100;74;75;235;309;285;195;165;130;606
Praunheim;2019;weiblich;47;37;31;100;156;167;92;91;62;316
Praunheim;2019;männlich;53;37;44;135;153;118;103;74;68;290
Heddernheim;2019;insgesamt;94;104;81;443;314;241;110;164;140;672
Heddernheim;2019;weiblich;49;44;40;203;157;136;54;93;74;344
Heddernheim;2019;männlich;45;60;41;240;157;105;56;71;66;328
Niederursel;2019;insgesamt;131;91;126;272;305;241;120;143;171;809
Niederursel;2019;weiblich;70;44;59;121;137;137;65;78;89;407
Niederursel;2019;männlich;61;47;67;151;168;104;55;65;82;402
Ginnheim;2019;insgesamt;103;152;82;228;323;263;160;158;131;556
Ginnheim;2019;weiblich;52;75;40;94;172;134;79;76;73;289
Ginnheim;2019;männlich;51;77;42;134;151;129;81;82;58;267
Dornbusch;2019;insgesamt;79;140;120;346;354;208;91;190;139;377
Dornbusch;2019;weiblich;50;71;54;165;178;113;50;90;64;180
Dornbusch;2019;männlich;29;69;66;181;176;95;41;100;75;197
Eschersheim;2019;insgesamt;87;56;86;250;262;232;182;128;82;351
Eschersheim;2019;weiblich;47;25;38;105;133;130;79;63;38;183
Eschersheim;2019;männlich;40;31;48;145;129;102;103;65;44;168
Eckenheim;2019;insgesamt;105;87;95;284;397;195;195;168;68;652
Eckenheim;2019;weiblich;47;41;46;113;195;108;106;104;25;330
Eckenheim;2019;männlich;58;46;49;171;202;87;89;64;43;322
Preungesheim;2019;insgesamt;169;102;88;340;511;245;193;215;133;572
Preungesheim;2019;weiblich;75;47;41;152;251;144;88;102;64;290
Preungesheim;2019;männlich;94;55;47;188;260;101;105;113;69;282
Bonames;2019;insgesamt;70;103;51;81;124;134;115;71;75;181
Bonames;2019;weiblich;22;54;27;37;64;78;48;34;28;86
Bonames;2019;männlich;48;49;24;44;60;56;67;37;47;95
Berkersheim;2019;insgesamt;3;22;4;49;34;48;22;14;19;60
Berkersheim;2019;weiblich;0;13;0;30;16;29;10;7;9;29
Berkersheim;2019;männlich;3;9;4;19;18;19;12;7;10;31
Riederwald;2019;insgesamt;46;16;13;159;84;50;43;57;55;244
Riederwald;2019;weiblich;27;7;8;63;40;32;22;32;24;123
Riederwald;2019;männlich;19;9;5;96;44;18;21;25;31;121
Seckbach;2019;insgesamt;118;52;34;174;312;207;340;164;79;321
Seckbach;2019;weiblich;57;24;17;80;138;89;158;56;40;159
Seckbach;2019;männlich;61;28;17;94;174;118;182;108;39;162
Fechenheim;2019;insgesamt;575;127;151;575;536;862;586;424;152;1178
Fechenheim;2019;weiblich;250;67;51;246;227;232;271;180;61;577
Fechenheim;2019;männlich;325;60;100;329;309;630;315;244;91;601
Höchst;2019;insgesamt;748;187;173;417;442;309;488;309;210;747
Höchst;2019;weiblich;360;96;75;180;175;146;219;150;103;368
Höchst;2019;männlich;388;91;98;237;267;163;269;159;107;379
Nied;2019;insgesamt;589;195;238;453;560;588;459;331;163;1259
Nied;2019;weiblich;297;83;103;209;264;265;208;147;83;623
Nied;2019;männlich;292;112;135;244;296;323;251;184;80;636
Sindlingen;2019;insgesamt;114;76;180;217;167;193;136;115;106;497
Sindlingen;2019;weiblich;61;35;88;85;71;79;73;49;40;246
Sindlingen;2019;männlich;53;41;92;132;96;114;63;66;66;251
Zeilsheim;2019;insgesamt;247;86;119;279;261;211;170;111;268;649
Zeilsheim;2019;weiblich;115;39;59;116;121;112;81;50;118;324
Zeilsheim;2019;männlich;132;47;60;163;140;99;89;61;150;325
Unterliederbach;2019;insgesamt;234;164;141;513;333;327;197;397;260;785
Unterliederbach;2019;weiblich;120;76;65;237;167;138;101;136;112;387
Unterliederbach;2019;männlich;114;88;76;276;166;189;96;261;148;398
Sossenheim;2019;insgesamt;505;107;166;395;318;443;352;210;141;1058
Sossenheim;2019;weiblich;257;50;74;184;153;220;171;96;67;533
Sossenheim;2019;männlich;248;57;92;211;165;223;181;114;74;525
Nieder-Erlenbach;2019;insgesamt;12;15;6;46;28;88;32;13;22;20
Nieder-Erlenbach;2019;weiblich;7;8;3;25;15;30;15;8;13;11
Nieder-Erlenbach;2019;männlich;5;7;3;21;13;58;17;5;9;9
Kalbach-Riedberg;2019;insgesamt;61;77;268;300;197;171;140;100;148;312
Kalbach-Riedberg;2019;weiblich;32;33;120;137;108;88;54;51;70;155
Kalbach-Riedberg;2019;männlich;29;44;148;163;89;83;86;49;78;157
Harheim;2019;insgesamt;20;10;18;53;36;55;22;20;22;44
Harheim;2019;weiblich;10;4;10;27;13;23;10;9;8;25
Harheim;2019;männlich;10;6;8;26;23;32;12;11;14;19
Nieder-Eschbach;2019;insgesamt;59;124;88;163;215;188;148;68;56;286
Nieder-Eschbach;2019;weiblich;28;55;42;79;101;97;63;39;30;140
Nieder-Eschbach;2019;männlich;31;69;46;84;114;91;85;29;26;146
Bergen-Enkheim;2019;insgesamt;95;118;33;367;480;222;134;170;106;364
Bergen-Enkheim;2019;weiblich;48;50;11;166;228;120;71;86;56;180
Bergen-Enkheim;2019;männlich;47;68;22;201;252;102;63;84;50;184
Frankfurter Berg;2019;insgesamt;37;43;45;150;161;153;104;73;50;235
Frankfurter Berg;2019;weiblich;21;21;22;65;75;63;51;37;23;116
Frankfurter Berg;2019;männlich;16;22;23;85;86;90;53;36;27;119
Altstadt;2020;insgesamt;66;46;45;104;112;55;48;72;55;122
Altstadt;2020;weiblich;34;22;18;46;61;27;28;38;25;71
Altstadt;2020;männlich;32;24;27;58;51;28;20;34;30;51
Innenstadt;2020;insgesamt;160;72;105;194;271;88;192;158;119;220
Innenstadt;2020;weiblich;84;34;40;65;142;43;97;83;64;98
Innenstadt;2020;männlich;76;38;65;129;129;45;95;75;55;122
Bahnhofsviertel;2020;insgesamt;157;87;89;72;33;74;178;36;66;92
Bahnhofsviertel;2020;weiblich;76;38;15;15;15;29;90;16;34;28
Bahnhofsviertel;2020;männlich;81;49;74;57;18;45;88;20;32;64
Westend-Süd;2020;insgesamt;148;175;142;527;141;165;134;89;258;177
Westend-Süd;2020;weiblich;81;84;57;280;80;104;75;47;145;83
Westend-Süd;2020;männlich;67;91;85;247;61;61;59;42;113;94
Westend-Nord;2020;insgesamt;87;72;82;212;132;73;52;77;131;200
Westend-Nord;2020;weiblich;43;31;39;105;73;49;31;41;57;99
Westend-Nord;2020;männlich;44;41;43;107;59;24;21;36;74;101
Nordend-West;2020;insgesamt;155;225;188;594;496;229;279;279;292;354
Nordend-West;2020;weiblich;78;119;70;256;264;118;138;139;151;164
Nordend-West;2020;männlich;77;106;118;338;232;111;141;140;141;190
Nordend-Ost;2020;insgesamt;104;158;155;439;413;206;183;219;230;415
Nordend-Ost;2020;weiblich;60;69;67;183;216;109;103;119;126;213
Nordend-Ost;2020;männlich;44;89;88;256;197;97;80;100;104;202
Ostend;2020;insgesamt;212;247;263;551;846;346;397;518;286;895
Ostend;2020;weiblich;106;113;113;265;405;188;187;261;149;432
Ostend;2020;männlich;106;134;150;286;441;158;210;257;137;463
Bornheim;2020;insgesamt;149;184;177;679;758;291;248;368;275;803
Bornheim;2020;weiblich;78;93;84;307;398;164;126;198;149;400
Bornheim;2020;männlich;71;91;93;372;360;127;122;170;126;403
Gutleutviertel;2020;insgesamt;89;158;179;107;209;123;162;74;101;186
Gutleutviertel;2020;weiblich;38;76;50;41;99;63;73;32;47;81
Gutleutviertel;2020;männlich;51;82;129;66;110;60;89;42;54;105
Gallus;2020;insgesamt;812;677;910;711;1141;730;776;1044;495;1753
Gallus;2020;weiblich;391;316;392;300;554;369;341;452;240;823
Gallus;2020;männlich;421;361;518;411;587;361;435;592;255;930
Bockenheim;2020;insgesamt;407;523;713;908;632;491;674;365;422;1266
Bockenheim;2020;weiblich;197;258;309;418;315;245;302;214;208;630
Bockenheim;2020;männlich;210;265;404;490;317;246;372;151;214;636
Sachsenhausen-Nord;2020;insgesamt;211;273;206;718;532;325;295;347;376;559
Sachsenhausen-Nord;2020;weiblich;97;132;94;325;273;180;153;160;208;278
Sachsenhausen-Nord;2020;männlich;114;141;112;393;259;145;142;187;168;281
Sachsenhausen-Süd (inkl. Flughafen);2020;insgesamt;171;176;319;534;567;333;238;310;291;437
Sachsenhausen-Süd (inkl. Flughafen);2020;weiblich;89;89;141;222;303;185;131;136;144;206
Sachsenhausen-Süd (inkl. Flughafen);2020;männlich;82;87;178;312;264;148;107;174;147;231
Oberrad;2020;insgesamt;145;96;74;262;414;307;357;301;99;556
Oberrad;2020;weiblich;67;43;26;111;211;143;159;138;43;264
Oberrad;2020;männlich;78;53;48;151;203;164;198;163;56;292
Niederrad;2020;insgesamt;266;214;597;453;994;407;420;382;410;896
Niederrad;2020;weiblich;137;98;261;175;499;202;221;193;223;437
Niederrad;2020;männlich;129;116;336;278;495;205;199;189;187;459
Schwanheim;2020;insgesamt;144;96;79;275;343;260;264;169;182;973
Schwanheim;2020;weiblich;80;40;34;121;158;139;123;82;87;474
Schwanheim;2020;männlich;64;56;45;154;185;121;141;87;95;499
Griesheim;2020;insgesamt;506;381;300;672;626;764;846;504;248;1312
Griesheim;2020;weiblich;229;203;148;314;261;221;275;205;108;669
Griesheim;2020;männlich;277;178;152;358;365;543;571;299;140;643
Rödelheim;2020;insgesamt;294;130;541;395;430;393;303;185;245;580
Rödelheim;2020;weiblich;155;64;239;181;215;193;131;83;116;289
Rödelheim;2020;männlich;139;66;302;214;215;200;172;102;129;291
Hausen;2020;insgesamt;55;56;82;88;88;107;92;62;62;275
Hausen;2020;weiblich;38;25;38;36;47;53;46;34;26;138
Hausen;2020;männlich;17;31;44;52;41;54;46;28;36;137
Praunheim;2020;insgesamt;107;80;78;238;335;275;215;164;137;619
Praunheim;2020;weiblich;50;41;34;103;167;159;104;86;65;321
Praunheim;2020;männlich;57;39;44;135;168;116;111;78;72;298
Heddernheim;2020;insgesamt;99;103;70;435;311;230;140;167;147;657
Heddernheim;2020;weiblich;48;45;32;198;156;137;72;91;79;337
Heddernheim;2020;männlich;51;58;38;237;155;93;68;76;68;320
Niederursel;2020;insgesamt;147;107;118;294;314;247;122;151;172;806
Niederursel;2020;weiblich;80;50;63;137;143;141;60;82;93;406
Niederursel;2020;männlich;67;57;55;157;171;106;62;69;79;400
Ginnheim;2020;insgesamt;117;147;72;214;358;251;168;157;145;564
Ginnheim;2020;weiblich;63;74;34;94;187;127;79;80;77;292
Ginnheim;2020;männlich;54;73;38;120;171;124;89;77;68;272
Dornbusch;2020;insgesamt;94;128;128;320;346;200;107;205;146;378
Dornbusch;2020;weiblich;55;62;61;156;176;110;63;94;71;178
Dornbusch;2020;männlich;39;66;67;164;170;90;44;111;75;200
Eschersheim;2020;insgesamt;77;57;87;234;297;223;141;127;91;352
Eschersheim;2020;weiblich;41;28;35;93;154;119;68;66;41;187
Eschersheim;2020;männlich;36;29;52;141;143;104;73;61;50;165
Eckenheim;2020;insgesamt;127;83;87;282;394;205;177;175;75;660
Eckenheim;2020;weiblich;61;41;42;115;196;115;100;103;30;337
Eckenheim;2020;männlich;66;42;45;167;198;90;77;72;45;323
Preungesheim;2020;insgesamt;173;98;81;336;499;251;231;210;142;564
Preungesheim;2020;weiblich;74;49;40;151;244;148;97;99;66;286
Preungesheim;2020;männlich;99;49;41;185;255;103;134;111;76;278
Bonames;2020;insgesamt;71;106;40;87;141;130;128;68;68;177
Bonames;2020;weiblich;24;54;21;36;69;76;49;34;28;82
Bonames;2020;männlich;47;52;19;51;72;54;79;34;40;95
Berkersheim;2020;insgesamt;8;20;11;49;37;47;20;13;21;58
Berkersheim;2020;weiblich;0;11;4;29;16;30;9;6;10;28
Berkersheim;2020;männlich;8;9;7;20;21;17;11;7;11;30
Riederwald;2020;insgesamt;46;20;17;156;86;45;46;57;60;232
Riederwald;2020;weiblich;26;11;10;65;44;29;24;32;29;118
Riederwald;2020;männlich;20;9;7;91;42;16;22;25;31;114
Seckbach;2020;insgesamt;136;46;32;171;310;175;250;173;84;311
Seckbach;2020;weiblich;61;23;14;80;137;77;115;58;37;151
Seckbach;2020;männlich;75;23;18;91;173;98;135;115;47;160
Fechenheim;2020;insgesamt;531;123;150;549;517;812;587;424;183;1151
Fechenheim;2020;weiblich;243;64;54;238;220;221;270;188;74;576
Fechenheim;2020;männlich;288;59;96;311;297;591;317;236;109;575
Höchst;2020;insgesamt;782;180;187;428;433;290;497;305;210;735
Höchst;2020;weiblich;367;93;86;186;183;136;221;155;97;357
Höchst;2020;männlich;415;87;101;242;250;154;276;150;113;378
Nied;2020;insgesamt;587;194;239;433;560;579;461;354;184;1212
Nied;2020;weiblich;302;85;104;202;266;258;198;149;89;605
Nied;2020;männlich;285;109;135;231;294;321;263;205;95;607
Sindlingen;2020;insgesamt;141;79;163;225;149;189;137;122;107;506
Sindlingen;2020;weiblich;64;34;81;83;69;78;75;54;44;255
Sindlingen;2020;männlich;77;45;82;142;80;111;62;68;63;251
Zeilsheim;2020;insgesamt;244;87;127;283;264;202;176;121;259;635
Zeilsheim;2020;weiblich;115;40;59;124;122;107;82;58;109;318
Zeilsheim;2020;männlich;129;47;68;159;142;95;94;63;150;317
Unterliederbach;2020;insgesamt;239;152;143;513;341;294;213;340;275;782
Unterliederbach;2020;weiblich;121;67;61;237;167;130;105;138;121;383
Unterliederbach;2020;männlich;118;85;82;276;174;164;108;202;154;399
Sossenheim;2020;insgesamt;539;107;159;374;330;431;372;239;140;1056
Sossenheim;2020;weiblich;266;49;68;170;156;210;178;95;68;533
Sossenheim;2020;männlich;273;58;91;204;174;221;194;144;72;523
Nieder-Erlenbach;2020;insgesamt;7;14;4;49;28;82;40;10;22;17
Nieder-Erlenbach;2020;weiblich;4;9;4;26;16;26;19;5;14;9
Nieder-Erlenbach;2020;männlich;3;5;0;23;12;56;21;5;8;8
Kalbach-Riedberg;2020;insgesamt;79;76;297;316;210;167;161;105;148;319
Kalbach-Riedberg;2020;weiblich;40;35;125;149;114;87;59;55;68;161
Kalbach-Riedberg;2020;männlich;39;41;172;167;96;80;102;50;80;158
Harheim;2020;insgesamt;20;9;17;56;37;52;27;20;23;45
Harheim;2020;weiblich;11;4;6;27;14;20;9;9;8;23
Harheim;2020;männlich;9;5;11;29;23;32;18;11;15;22
Nieder-Eschbach;2020;insgesamt;56;117;94;164;203;195;139;63;64;292
Nieder-Eschbach;2020;weiblich;29;57;46;83;93;98;65;35;35;140
Nieder-Eschbach;2020;männlich;27;60;48;81;110;97;74;28;29;152
Bergen-Enkheim;2020;insgesamt;100;118;29;363;455;228;137;167;110;357
Bergen-Enkheim;2020;weiblich;48;52;11;168;220;121;72;80;61;173
Bergen-Enkheim;2020;männlich;52;66;18;195;235;107;65;87;49;184
Frankfurter Berg;2020;insgesamt;40;44;47;150;165;148;128;83;46;223
Frankfurter Berg;2020;weiblich;23;21;18;65;83;65;68;41;24;111
Frankfurter Berg;2020;männlich;17;23;29;85;82;83;60;42;22;112
Altstadt;2021;insgesamt;59;50;48;108;93;46;53;68;70;119
Altstadt;2021;weiblich;28;22;17;46;54;22;33;37;35;69
Altstadt;2021;männlich;31;28;31;62;39;24;20;31;35;50
Innenstadt;2021;insgesamt;154;67;106;206;248;87;180;141;98;210
Innenstadt;2021;weiblich;82;30;40;72;130;41;93;76;47;98
Innenstadt;2021;männlich;72;37;66;134;118;46;87;65;51;112
Bahnhofsviertel;2021;insgesamt;137;79;90;77;33;58;156;42;64;97
Bahnhofsviertel;2021;weiblich;68;36;22;22;16;17;86;16;33;34
Bahnhofsviertel;2021;männlich;69;43;68;55;17;41;70;26;31;63
Westend-Süd;2021;insgesamt;133;157;149;522;129;164;123;80;259;170
Westend-Süd;2021;weiblich;76;77;65;266;78;106;65;46;146;88
Westend-Süd;2021;männlich;57;80;84;256;51;58;58;34;113;82
Westend-Nord;2021;insgesamt;68;73;96;215;123;74;45;84;127;184
Westend-Nord;2021;weiblich;33;33;45;103;70;49;29;44;57;93
Westend-Nord;2021;männlich;35;40;51;112;53;25;16;40;70;91
Nordend-West;2021;insgesamt;163;220;181;559;461;238;207;253;299;353
Nordend-West;2021;weiblich;77;115;64;240;244;123;111;127;156;170
Nordend-West;2021;männlich;86;105;117;319;217;115;96;126;143;183
Nordend-Ost;2021;insgesamt;92;146;160;431;392;192;161;210;214;409
Nordend-Ost;2021;weiblich;54;60;71;180;205;107;89;116;118;205
Nordend-Ost;2021;männlich;38;86;89;251;187;85;72;94;96;204
Ostend;2021;insgesamt;213;224;285;564;829;319;365;495;293;859
Ostend;2021;weiblich;107;103;125;258;409;164;171;252;157;428
Ostend;2021;männlich;106;121;160;306;420;155;194;243;136;431
Bornheim;2021;insgesamt;143;167;188;667;758;287;245;354;297;777
Bornheim;2021;weiblich;74;86;91;299;386;160;122;190;160;393
Bornheim;2021;männlich;69;81;97;368;372;127;123;164;137;384
Gutleutviertel;2021;insgesamt;83;153;157;102;206;122;198;65;96;204
Gutleutviertel;2021;weiblich;36;74;45;41;93;54;83;30;44;78
Gutleutviertel;2021;männlich;47;79;112;61;113;68;115;35;52;126
Gallus;2021;insgesamt;815;640;1078;733;1118;689;708;1018;464;1692
Gallus;2021;weiblich;381;300;489;309;549;357;327;451;227;819
Gallus;2021;männlich;434;340;589;424;569;332;381;567;237;873
Bockenheim;2021;insgesamt;373;517;741;845;609;454;703;381;402;1242
Bockenheim;2021;weiblich;187;250;317;381;306;226;297;220;205;618
Bockenheim;2021;männlich;186;267;424;464;303;228;406;161;197;624
Sachsenhausen-Nord;2021;insgesamt;188;257;209;691;521;300;289;317;377;550
Sachsenhausen-Nord;2021;weiblich;94;119;90;312;265;168;150;152;210;284
Sachsenhausen-Nord;2021;männlich;94;138;119;379;256;132;139;165;167;266
Sachsenhausen-Süd (inkl. Flughafen);2021;insgesamt;152;168;316;533;568;327;227;328;289;445
Sachsenhausen-Süd (inkl. Flughafen);2021;weiblich;80;81;146;234;307;180;125;139;140;199
Sachsenhausen-Süd (inkl. Flughafen);2021;männlich;72;87;170;299;261;147;102;189;149;246
Oberrad;2021;insgesamt;140;99;81;258;423;303;347;285;95;557
Oberrad;2021;weiblich;72;45;31;114;207;143;159;143;42;263
Oberrad;2021;männlich;68;54;50;144;216;160;188;142;53;294
Niederrad;2021;insgesamt;265;218;679;441;973;409;434;405;428;919
Niederrad;2021;weiblich;138;100;317;168;492;207;230;198;238;450
Niederrad;2021;männlich;127;118;362;273;481;202;204;207;190;469
Schwanheim;2021;insgesamt;157;102;78;268;331;247;270;173;177;931
Schwanheim;2021;weiblich;88;41;39;112;158;136;118;92;87;452
Schwanheim;2021;männlich;69;61;39;156;173;111;152;81;90;479
Griesheim;2021;insgesamt;528;386;328;651;580;726;720;442;251;1275
Griesheim;2021;weiblich;246;208;158;308;261;215;262;196;111;634
Griesheim;2021;männlich;282;178;170;343;319;511;458;246;140;641
Rödelheim;2021;insgesamt;330;110;566;375;430;373;326;193;235;569
Rödelheim;2021;weiblich;162;54;252;175;213;185;143;87;118;282
Rödelheim;2021;männlich;168;56;314;200;217;188;183;106;117;287
Hausen;2021;insgesamt;53;53;104;95;89;95;89;58;74;265
Hausen;2021;weiblich;35;23;52;36;50;46;44;32;30;130
Hausen;2021;männlich;18;30;52;59;39;49;45;26;44;135
Praunheim;2021;insgesamt;122;80;84;227;337;258;191;170;138;582
Praunheim;2021;weiblich;58;42;45;95;167;148;90;93;65;303
Praunheim;2021;männlich;64;38;39;132;170;110;101;77;73;279
Heddernheim;2021;insgesamt;117;96;67;413;319;220;133;172;145;650
Heddernheim;2021;weiblich;58;43;32;194;156;133;67;94;73;331
Heddernheim;2021;männlich;59;53;35;219;163;87;66;78;72;319
Niederursel;2021;insgesamt;129;108;160;321;300;259;130;150;173;814
Niederursel;2021;weiblich;67;50;79;152;139;145;69;74;93;406
Niederursel;2021;männlich;62;58;81;169;161;114;61;76;80;408
Ginnheim;2021;insgesamt;117;148;74;227;362;241;174;168;169;552
Ginnheim;2021;weiblich;64;76;40;103;190;124;85;83;94;283
Ginnheim;2021;männlich;53;72;34;124;172;117;89;85;75;269
Dornbusch;2021;insgesamt;87;127;126;320;361;197;107;194;143;366
Dornbusch;2021;weiblich;50;61;60;158;180;113;66;91;72;179
Dornbusch;2021;männlich;37;66;66;162;181;84;41;103;71;187
Eschersheim;2021;insgesamt;77;61;110;221;316;199;170;137;100;353
Eschersheim;2021;weiblich;42;31;48;93;164;100;74;69;50;187
Eschersheim;2021;männlich;35;30;62;128;152;99;96;68;50;166
Eckenheim;2021;insgesamt;133;79;89;263;384;176;186;183;79;631
Eckenheim;2021;weiblich;66;39;45;112;187;93;106;103;35;325
Eckenheim;2021;männlich;67;40;44;151;197;83;80;80;44;306
Preungesheim;2021;insgesamt;184;101;75;335;480;226;180;211;132;544
Preungesheim;2021;weiblich;86;51;37;151;244;136;87;102;63;270
Preungesheim;2021;männlich;98;50;38;184;236;90;93;109;69;274
Bonames;2021;insgesamt;71;98;42;84;141;126;136;56;76;161
Bonames;2021;weiblich;26;50;21;35;72;73;47;27;33;74
Bonames;2021;männlich;45;48;21;49;69;53;89;29;43;87
Berkersheim;2021;insgesamt;7;19;10;47;38;46;23;12;19;58
Berkersheim;2021;weiblich;3;10;5;26;16;29;11;5;11;28
Berkersheim;2021;männlich;4;9;5;21;22;17;12;7;8;30
Riederwald;2021;insgesamt;50;20;16;153;88;36;46;57;49;238
Riederwald;2021;weiblich;28;11;9;66;45;22;24;33;22;122
Riederwald;2021;männlich;22;9;7;87;43;14;22;24;27;116
Seckbach;2021;insgesamt;110;37;45;164;294;165;254;238;84;303
Seckbach;2021;weiblich;56;19;20;76;133;78;107;72;45;149
Seckbach;2021;männlich;54;18;25;88;161;87;147;166;39;154
Fechenheim;2021;insgesamt;477;122;149;531;495;762;581;405;179;1113
Fechenheim;2021;weiblich;224;62;50;228;209;220;267;186;72;550
Fechenheim;2021;männlich;253;60;99;303;286;542;314;219;107;563
Höchst;2021;insgesamt;773;183;203;429;409;280;480;303;195;707
Höchst;2021;weiblich;365;93;105;194;173;130;191;148;94;345
Höchst;2021;männlich;408;90;98;235;236;150;289;155;101;362
Nied;2021;insgesamt;617;190;227;413;549;542;464;340;195;1172
Nied;2021;weiblich;310;87;99;195;246;245;209;144;94;582
Nied;2021;männlich;307;103;128;218;303;297;255;196;101;590
Sindlingen;2021;insgesamt;141;79;171;208;159;184;148;111;100;480
Sindlingen;2021;weiblich;65;34;81;77;69;80;77;49;42;246
Sindlingen;2021;männlich;76;45;90;131;90;104;71;62;58;234
Zeilsheim;2021;insgesamt;265;86;140;271;256;188;181;125;276;625
Zeilsheim;2021;weiblich;125;39;64;119;118;98;77;59;116;317
Zeilsheim;2021;männlich;140;47;76;152;138;90;104;66;160;308
Unterliederbach;2021;insgesamt;251;150;130;501;341;281;222;335;275;736
Unterliederbach;2021;weiblich;128;66;57;231;170;127;111;148;125;369
Unterliederbach;2021;männlich;123;84;73;270;171;154;111;187;150;367
Sossenheim;2021;insgesamt;532;111;200;367;303;414;389;238;153;1056
Sossenheim;2021;weiblich;262;53;90;168;147;210;186;96;74;533
Sossenheim;2021;männlich;270;58;110;199;156;204;203;142;79;523
Nieder-Erlenbach;2021;insgesamt;5;13;7;48;25;72;35;8;18;21
Nieder-Erlenbach;2021;weiblich;3;8;6;26;13;22;17;5;12;13
Nieder-Erlenbach;2021;männlich;3;5;0;22;12;50;18;3;6;8
Kalbach-Riedberg;2021;insgesamt;69;95;312;318;231;174;101;109;163;331
Kalbach-Riedberg;2021;weiblich;35;43;138;154;122;93;52;58;77;169
Kalbach-Riedberg;2021;männlich;33;52;175;164;109;81;49;51;86;162
Harheim;2021;insgesamt;33;9;12;56;37;47;23;23;23;49
Harheim;2021;weiblich;11;4;6;25;17;21;10;9;7;24
Harheim;2021;männlich;22;5;6;31;20;26;13;14;16;25
Nieder-Eschbach;2021;insgesamt;54;118;99;158;190;185;150;59;80;286
Nieder-Eschbach;2021;weiblich;30;58;46;76;90;96;62;31;41;141
Nieder-Eschbach;2021;männlich;24;60;53;82;100;89;88;28;39;145
Bergen-Enkheim;2021;insgesamt;95;105;27;367;464;226;161;174;115;342
Bergen-Enkheim;2021;weiblich;45;48;7;174;228;130;80;90;60;164
Bergen-Enkheim;2021;männlich;50;57;20;193;236;96;81;84;55;178
Frankfurter Berg;2021;insgesamt;41;41;45;148;167;153;118;80;43;224
Frankfurter Berg;2021;weiblich;24;21;16;67;81;64;65;40;19;110
Frankfurter Berg;2021;männlich;17;20;29;81;86;89;53;40;24;114
Altstadt;2022;insgesamt;58;48;56;114;98;49;51;64;63;121
Altstadt;2022;weiblich;27;23;20;45;58;24;27;35;32;69
Altstadt;2022;männlich;31;25;36;69;40;25;24;29;31;52
Innenstadt;2022;insgesamt;152;70;134;203;240;86;207;129;99;220
Innenstadt;2022;weiblich;77;28;59;82;130;40;111;72;52;108
Innenstadt;2022;männlich;75;42;75;121;110;46;96;57;47;112
Bahnhofsviertel;2022;insgesamt;89;77;105;78;37;65;141;37;62;106
Bahnhofsviertel;2022;weiblich;33;30;24;24;17;14;79;16;34;40
Bahnhofsviertel;2022;männlich;56;47;81;54;20;51;62;21;28;66
Westend-Süd;2022;insgesamt;140;163;183;570;136;167;131;79;265;201
Westend-Süd;2022;weiblich;77;72;83;287;71;104;76;42;142;102
Westend-Süd;2022;männlich;63;91;100;283;65;63;55;37;123;99
Westend-Nord;2022;insgesamt;61;60;103;223;120;72;45;84;125;180
Westend-Nord;2022;weiblich;30;27;48;98;70;49;29;40;58;90
Westend-Nord;2022;männlich;31;33;55;125;50;23;16;44;67;90
Nordend-West;2022;insgesamt;162;221;203;596;443;215;192;261;303;361
Nordend-West;2022;weiblich;76;119;83;263;243;113;100;128;159;171
Nordend-West;2022;männlich;86;102;120;333;200;102;92;133;144;190
Nordend-Ost;2022;insgesamt;88;142;173;439;386;185;162;214;219;414
Nordend-Ost;2022;weiblich;48;63;79;182;201;102;90;116;121;214
Nordend-Ost;2022;männlich;40;79;94;257;185;83;72;98;98;200
Ostend;2022;insgesamt;233;211;358;600;796;295;409;514;342;846
Ostend;2022;weiblich;120;93;162;278;395;151;181;260;178;433
Ostend;2022;männlich;113;118;196;322;401;144;228;254;164;413
Bornheim;2022;insgesamt;133;175;216;661;740;280;255;349;311;806
Bornheim;2022;weiblich;66;94;98;306;378;151;126;184;182;407
Bornheim;2022;männlich;67;81;118;355;362;129;129;165;129;399
Gutleutviertel;2022;insgesamt;77;146;178;106;193;116;162;71;87;159
Gutleutviertel;2022;weiblich;33;70;54;41;90;48;66;31;35;72
Gutleutviertel;2022;männlich;44;76;124;65;103;68;96;40;52;87
Gallus;2022;insgesamt;839;641;1341;775;1138;708;723;974;489;1728
Gallus;2022;weiblich;389;296;573;333;561;352;342;442;233;831
Gallus;2022;männlich;450;345;768;442;577;356;381;532;256;897
Bockenheim;2022;insgesamt;372;494;823;850;616;440;625;386;428;1250
Bockenheim;2022;weiblich;189;242;355;391;307;226;276;217;207;616
Bockenheim;2022;männlich;183;252;468;459;309;214;349;169;221;634
Sachsenhausen-Nord;2022;insgesamt;194;258;249;670;478;287;294;333;372;557
Sachsenhausen-Nord;2022;weiblich;96;126;112;300;244;162;148;161;216;286
Sachsenhausen-Nord;2022;männlich;98;132;137;370;234;125;146;172;156;271
Sachsenhausen-Süd (inkl. Flughafen);2022;insgesamt;145;175;371;582;587;327;277;328;304;473
Sachsenhausen-Süd (inkl. Flughafen);2022;weiblich;77;84;169;254;312;180;134;155;147;219
Sachsenhausen-Süd (inkl. Flughafen);2022;männlich;68;90;202;328;275;147;143;173;157;254
Oberrad;2022;insgesamt;135;98;108;233;410;288;350;308;120;540
Oberrad;2022;weiblich;67;42;40;104;201;141;162;151;53;260
Oberrad;2022;männlich;68;56;68;129;209;147;188;157;67;280
Niederrad;2022;insgesamt;296;210;852;435;976;403;528;434;460;950
Niederrad;2022;weiblich;151;94;401;178;480;209;267;203;239;463
Niederrad;2022;männlich;145;116;451;257;496;194;261;231;221;487
Schwanheim;2022;insgesamt;166;103;90;275;334;243;274;179;177;923
Schwanheim;2022;weiblich;91;41;40;119;161;126;122;94;84;448
Schwanheim;2022;männlich;75;62;50;156;173;117;152;85;93;475
Griesheim;2022;insgesamt;586;373;364;642;574;687;764;468;255;1302
Griesheim;2022;weiblich;270;199;173;306;264;210;289;197;111;626
Griesheim;2022;männlich;316;174;191;336;310;477;475;271;144;676
Rödelheim;2022;insgesamt;337;103;647;374;418;355;342;190;246;585
Rödelheim;2022;weiblich;172;46;286;170;207;179;159;84;127;295
Rödelheim;2022;männlich;165;57;361;204;211;176;183;106;119;290
Hausen;2022;insgesamt;50;46;130;99;89;93;89;61;74;277
Hausen;2022;weiblich;32;22;64;39;47;45;43;35;32;135
Hausen;2022;männlich;18;24;66;60;42;48;46;26;42;142
Praunheim;2022;insgesamt;119;81;132;233;340;241;193;176;154;573
Praunheim;2022;weiblich;53;43;77;98;168;135;87;93;73;293
Praunheim;2022;männlich;66;38;55;135;172;106;106;83;81;280
Heddernheim;2022;insgesamt;107;93;89;396;313;221;137;184;145;649
Heddernheim;2022;weiblich;53;43;39;188;156;130;70;97;73;333
Heddernheim;2022;männlich;54;50;50;208;157;91;67;87;72;316
Niederursel;2022;insgesamt;143;110;178;309;315;244;135;164;171;815
Niederursel;2022;weiblich;76;49;83;145;150;138;72;81;89;412
Niederursel;2022;männlich;67;61;95;164;165;106;63;83;82;403
Ginnheim;2022;insgesamt;133;138;82;229;385;230;175;182;172;564
Ginnheim;2022;weiblich;67;74;39;104;197;119;79;91;97;295
Ginnheim;2022;männlich;66;64;43;125;188;111;96;91;75;269
Dornbusch;2022;insgesamt;89;113;159;313;344;202;106;212;148;370
Dornbusch;2022;weiblich;52;52;72;148;173;112;64;102;69;178
Dornbusch;2022;männlich;37;61;87;165;171;90;42;110;79;192
Eschersheim;2022;insgesamt;77;67;122;211;308;194;179;135;107;368
Eschersheim;2022;weiblich;44;32;60;83;164;100;82;69;51;191
Eschersheim;2022;männlich;33;35;62;128;144;94;97;66;56;177
Eckenheim;2022;insgesamt;141;81;101;256;360;177;187;175;80;616
Eckenheim;2022;weiblich;68;42;47;107;177;92;104;98;45;317
Eckenheim;2022;männlich;73;39;54;149;183;85;83;77;35;299
Preungesheim;2022;insgesamt;197;101;84;334;461;213;192;211;128;543
Preungesheim;2022;weiblich;86;52;40;150;238;121;89;100;58;263
Preungesheim;2022;männlich;111;49;44;184;223;92;103;111;70;280
Bonames;2022;insgesamt;77;96;59;94;136;127;108;61;76;166
Bonames;2022;weiblich;39;48;27;40;68;72;40;28;34;78
Bonames;2022;männlich;38;48;32;54;68;55;68;33;42;88
Berkersheim;2022;insgesamt;11;15;7;40;40;47;33;15;16;62
Berkersheim;2022;weiblich;4;7;4;21;16;29;17;6;8;31
Berkersheim;2022;männlich;7;8;3;19;24;18;16;9;8;31
Riederwald;2022;insgesamt;54;23;19;139;91;39;45;53;49;236
Riederwald;2022;weiblich;28;13;11;58;46;23;23;31;22;126
Riederwald;2022;männlich;26;10;8;81;45;16;22;22;27;110
Seckbach;2022;insgesamt;118;42;48;155;275;153;284;194;78;292
Seckbach;2022;weiblich;53;19;19;70;128;75;109;72;45;144
Seckbach;2022;männlich;65;23;29;85;147;78;175;122;33;148
Fechenheim;2022;insgesamt;515;132;163;522;472;731;617;404;198;1081
Fechenheim;2022;weiblich;236;64;61;226;200;224;281;182;80;531
Fechenheim;2022;männlich;279;68;102;296;272;507;336;222;118;550
Höchst;2022;insgesamt;826;178;243;427;385;270;532;317;211;679
Höchst;2022;weiblich;395;93;124;184;164;126;217;153;97;339
Höchst;2022;männlich;431;85;119;243;221;144;315;164;114;340
Nied;2022;insgesamt;624;192;271;416;536;521;459;350;205;1177
Nied;2022;weiblich;302;90;120;197;245;234;209;141;97;583
Nied;2022;männlich;322;102;151;219;291;287;250;209;108;594
Sindlingen;2022;insgesamt;145;69;178;198;160;171;156;116;99;460
Sindlingen;2022;weiblich;64;30;89;69;69;75;84;56;41;237
Sindlingen;2022;männlich;81;39;89;129;91;96;72;60;58;223
Zeilsheim;2022;insgesamt;275;84;146;264;252;184;179;148;286;628
Zeilsheim;2022;weiblich;128;37;70;118;119;102;73;63;122;323
Zeilsheim;2022;männlich;147;47;76;146;133;82;106;85;164;305
Unterliederbach;2022;insgesamt;271;146;176;480;340;268;231;352;258;739
Unterliederbach;2022;weiblich;133;64;82;218;169;132;111;144;123;373
Unterliederbach;2022;männlich;138;82;94;262;171;136;120;208;135;366
Sossenheim;2022;insgesamt;508;115;221;331;286;408;423;202;167;1031
Sossenheim;2022;weiblich;247;54;102;150;136;207;197;94;83;519
Sossenheim;2022;männlich;261;61;119;181;150;201;226;108;84;512
Nieder-Erlenbach;2022;insgesamt;4;9;16;44;25;42;29;12;20;20
Nieder-Erlenbach;2022;weiblich;4;5;8;24;13;18;15;7;14;11
Nieder-Erlenbach;2022;männlich;0;4;8;20;12;24;14;5;6;9
Kalbach-Riedberg;2022;insgesamt;75;109;345;298;239;183;91;116;173;341
Kalbach-Riedberg;2022;weiblich;40;49;157;141;126;100;45;61;78;172
Kalbach-Riedberg;2022;männlich;35;60;188;157;113;83;46;55;95;169
Harheim;2022;insgesamt;22;9;17;58;39;47;29;20;26;46
Harheim;2022;weiblich;12;4;6;25;16;20;13;9;8;23
Harheim;2022;männlich;10;5;11;33;23;27;16;11;18;23
Nieder-Eschbach;2022;insgesamt;71;118;137;157;192;184;140;58;88;290
Nieder-Eschbach;2022;weiblich;38;59;61;78;91;95;63;31;43;147
Nieder-Eschbach;2022;männlich;33;59;76;79;101;89;77;27;45;143
Bergen-Enkheim;2022;insgesamt;93;103;39;346;459;205;169;181;106;353
Bergen-Enkheim;2022;weiblich;43;46;10;164;229;115;86;94;55;169
Bergen-Enkheim;2022;männlich;50;57;29;182;230;90;83;87;51;184
Frankfurter Berg;2022;insgesamt;39;38;47;146;163;142;111;98;37;234
Frankfurter Berg;2022;weiblich;23;19;18;66;76;62;63;45;18;108
Frankfurter Berg;2022;männlich;16;19;29;80;87;80;48;53;19;126
Altstadt;2023;insgesamt;61;48;62;115;97;48;50;65;64;120
Altstadt;2023;weiblich;31;25;25;44;56;24;25;34;29;67
Altstadt;2023;männlich;30;23;37;71;41;24;25;31;35;53
Innenstadt;2023;insgesamt;135;76;145;208;235;88;213;126;105;216
Innenstadt;2023;weiblich;73;31;71;82;128;41;99;72;60;112
Innenstadt;2023;männlich;62;45;74;126;107;47;114;54;45;104
Bahnhofsviertel;2023;insgesamt;88;70;91;74;36;55;126;34;61;100
Bahnhofsviertel;2023;weiblich;38;31;22;21;17;15;71;16;36;38
Bahnhofsviertel;2023;männlich;50;39;69;53;19;40;55;18;25;62
Westend-Süd;2023;insgesamt;123;165;170;603;111;157;123;94;234;235
Westend-Süd;2023;weiblich;68;77;78;299;64;100;69;45;125;122
Westend-Süd;2023;männlich;55;88;92;304;47;57;54;49;109;113
Westend-Nord;2023;insgesamt;64;63;103;214;121;71;43;79;137;185
Westend-Nord;2023;weiblich;31;29;47;102;68;48;30;40;66;91
Westend-Nord;2023;männlich;33;34;56;112;53;23;13;39;71;94
Nordend-West;2023;insgesamt;152;213;252;594;439;187;180;271;294;368
Nordend-West;2023;weiblich;80;119;101;255;238;98;92;130;159;175
Nordend-West;2023;männlich;72;94;151;339;201;89;88;141;135;193
Nordend-Ost;2023;insgesamt;86;148;140;433;377;180;159;215;209;410
Nordend-Ost;2023;weiblich;50;70;66;179;197;97;83;115;116;210
Nordend-Ost;2023;männlich;36;78;74;254;180;83;76;100;93;200
Ostend;2023;insgesamt;259;228;421;644;773;282;408;510;339;831
Ostend;2023;weiblich;119;104;189;301;386;142;195;256;174;427
Ostend;2023;männlich;140;124;232;343;387;140;213;254;165;404
Bornheim;2023;insgesamt;145;167;238;635;703;278;252;345;328;814
Bornheim;2023;weiblich;73;82;114;294;366;152;118;180;186;403
Bornheim;2023;männlich;72;85;124;341;337;126;134;165;142;411
Gutleutviertel;2023;insgesamt;76;133;172;103;197;124;130;81;84;184
Gutleutviertel;2023;weiblich;35;60;50;39;89;44;57;37;35;81
Gutleutviertel;2023;männlich;41;73;122;64;108;80;73;44;49;103
Gallus;2023;insgesamt;841;628;1455;796;1118;670;715;974;498;1702
Gallus;2023;weiblich;393;294;643;353;551;341;351;445;236;836
Gallus;2023;männlich;448;334;812;443;567;329;364;529;262;866
Bockenheim;2023;insgesamt;384;475;859;873;591;430;625;399;432;1275
Bockenheim;2023;weiblich;196;235;387;402;301;210;283;228;220;612
Bockenheim;2023;männlich;188;240;472;471;290;220;342;171;212;663
Sachsenhausen-Nord;2023;insgesamt;186;249;251;669;476;278;296;322;362;568
Sachsenhausen-Nord;2023;weiblich;92;113;110;304;240;159;146;153;211;291
Sachsenhausen-Nord;2023;männlich;94;136;141;365;236;119;150;169;151;277
Sachsenhausen-Süd (inkl. Flughafen);2023;insgesamt;137;178;436;606;573;320;284;311;307;494
Sachsenhausen-Süd (inkl. Flughafen);2023;weiblich;75;88;199;272;311;177;133;155;154;233
Sachsenhausen-Süd (inkl. Flughafen);2023;männlich;62;90;237;334;262;143;151;156;153;261
Oberrad;2023;insgesamt;135;93;130;226;413;280;345;312;126;543
Oberrad;2023;weiblich;65;38;51;99;204;140;152;157;54;264
Oberrad;2023;männlich;70;55;79;127;209;140;193;155;72;279
Niederrad;2023;insgesamt;309;226;1027;457;968;388;472;468;463;1000
Niederrad;2023;weiblich;165;98;488;190;475;206;245;210;241;487
Niederrad;2023;männlich;144;128;539;267;493;182;227;258;222;513
Schwanheim;2023;insgesamt;145;101;98;271;328;220;266;181;188;899
Schwanheim;2023;weiblich;82;40;44;115;149;119;123;95;92;432
Schwanheim;2023;männlich;63;61;54;156;179;101;143;86;96;467
Griesheim;2023;insgesamt;564;339;368;641;543;700;699;458;245;1266
Griesheim;2023;weiblich;259;185;181;304;252;199;276;205;106;631
Griesheim;2023;männlich;305;154;187;337;291;501;423;253;139;635
Rödelheim;2023;insgesamt;335;110;693;376;409;347;328;237;231;596
Rödelheim;2023;weiblich;166;51;309;165;201;174;147;92;115;296
Rödelheim;2023;männlich;169;59;384;211;208;173;181;145;116;300
Hausen;2023;insgesamt;48;54;134;94;86;91;112;57;72;281
Hausen;2023;weiblich;31;26;61;42;47;46;45;29;30;138
Hausen;2023;männlich;17;28;73;52;39;45;67;28;42;143
Praunheim;2023;insgesamt;120;82;174;216;323;217;205;183;163;566
Praunheim;2023;weiblich;54;43;105;96;162;124;88;94;82;296
Praunheim;2023;männlich;66;39;69;120;161;93;117;89;81;270
Heddernheim;2023;insgesamt;121;89;104;378;313;220;149;181;134;655
Heddernheim;2023;weiblich;66;43;50;184;162;124;77;96;65;332
Heddernheim;2023;männlich;55;46;54;194;151;96;72;85;69;323
Niederursel;2023;insgesamt;135;107;207;316;321;225;142;169;183;824
Niederursel;2023;weiblich;67;50;99;150;154;125;70;84;92;415
Niederursel;2023;männlich;68;57;108;166;167;100;72;85;91;409
Ginnheim;2023;insgesamt;136;135;99;227;374;224;170;188;177;576
Ginnheim;2023;weiblich;68;74;48;106;194;114;77;93;95;296
Ginnheim;2023;männlich;68;61;51;121;180;110;93;95;82;280
Dornbusch;2023;insgesamt;90;109;157;305;349;192;112;221;165;372
Dornbusch;2023;weiblich;49;51;62;145;180;109;69;107;82;183
Dornbusch;2023;männlich;41;58;95;160;169;83;43;114;83;189
Eschersheim;2023;insgesamt;73;75;143;213;296;207;193;151;105;364
Eschersheim;2023;weiblich;40;38;69;82;158;112;86;79;53;188
Eschersheim;2023;männlich;33;37;74;131;138;95;107;72;52;176
Eckenheim;2023;insgesamt;146;80;118;252;354;161;199;187;81;609
Eckenheim;2023;weiblich;72;40;54;107;174;84;113;102;41;312
Eckenheim;2023;männlich;74;40;64;145;180;77;86;85;40;297
Preungesheim;2023;insgesamt;189;98;94;322;444;220;193;200;128;544
Preungesheim;2023;weiblich;83;50;43;142;224;125;88;96;57;261
Preungesheim;2023;männlich;106;48;51;180;220;95;105;104;71;283
Bonames;2023;insgesamt;65;90;58;86;126;115;100;71;91;177
Bonames;2023;weiblich;30;42;27;35;61;67;41;35;39;82
Bonames;2023;männlich;35;48;31;51;65;48;59;36;52;95
Berkersheim;2023;insgesamt;10;18;12;40;34;52;25;14;17;68
Berkersheim;2023;weiblich;4;8;5;22;17;29;13;6;9;32
Berkersheim;2023;männlich;6;10;7;18;17;23;12;8;8;36
Riederwald;2023;insgesamt;58;23;20;140;90;38;45;48;53;238
Riederwald;2023;weiblich;29;11;12;61;46;23;24;29;25;131
Riederwald;2023;männlich;29;12;8;79;44;15;21;19;28;107
Seckbach;2023;insgesamt;115;42;51;167;258;150;283;191;83;285
Seckbach;2023;weiblich;57;20;20;77;127;79;104;67;47;143
Seckbach;2023;männlich;58;22;31;90;131;71;179;124;36;142
Fechenheim;2023;insgesamt;493;126;175;496;442;723;576;435;229;1062
Fechenheim;2023;weiblich;231;60;71;223;191;210;260;190;79;532
Fechenheim;2023;männlich;262;66;104;273;251;513;316;245;150;530
Höchst;2023;insgesamt;804;183;298;423;353;273;514;332;212;682
Höchst;2023;weiblich;392;93;156;174;158;133;218;164;95;335
Höchst;2023;männlich;412;90;142;249;195;140;296;168;117;347
Nied;2023;insgesamt;628;185;279;421;506;493;488;404;203;1181
Nied;2023;weiblich;322;88;126;203;244;231;209;153;101;574
Nied;2023;männlich;306;97;153;218;262;262;279;251;102;607
Sindlingen;2023;insgesamt;109;67;183;198;158;155;162;116;87;461
Sindlingen;2023;weiblich;52;31;88;72;68;66;83;60;36;232
Sindlingen;2023;männlich;57;36;95;126;90;89;79;56;51;229
Zeilsheim;2023;insgesamt;287;85;184;246;244;188;163;177;288;613
Zeilsheim;2023;weiblich;133;38;87;114;118;100;65;72;126;314
Zeilsheim;2023;männlich;154;47;97;132;126;88;98;105;162;299
Unterliederbach;2023;insgesamt;289;142;175;474;330;236;211;330;274;727
Unterliederbach;2023;weiblich;155;65;79;212;171;122;105;141;130;357
Unterliederbach;2023;männlich;134;77;96;262;159;114;106;189;144;370
Sossenheim;2023;insgesamt;500;106;287;327;275;405;387;208;179;1025
Sossenheim;2023;weiblich;244;50;133;153;132;194;188;96;89;510
Sossenheim;2023;männlich;256;56;154;174;143;211;199;112;90;515
Nieder-Erlenbach;2023;insgesamt;5;12;22;49;27;45;24;12;20;36
Nieder-Erlenbach;2023;weiblich;0;7;11;26;13;20;11;7;14;10
Nieder-Erlenbach;2023;männlich;5;5;11;23;14;25;13;5;6;26
Kalbach-Riedberg;2023;insgesamt;74;105;329;282;251;198;112;120;170;362
Kalbach-Riedberg;2023;weiblich;41;49;147;133;131;110;57;64;76;182
Kalbach-Riedberg;2023;männlich;33;56;182;149;120;88;55;56;94;180
Harheim;2023;insgesamt;20;8;19;58;33;45;38;20;25;45
Harheim;2023;weiblich;10;3;4;25;14;19;18;9;9;24
Harheim;2023;männlich;10;5;15;33;19;26;20;11;16;21
Nieder-Eschbach;2023;insgesamt;62;109;156;158;184;185;142;62;92;294
Nieder-Eschbach;2023;weiblich;36;53;73;75;87;95;65;32;46;150
Nieder-Eschbach;2023;männlich;26;56;83;83;97;90;77;30;46;144
Bergen-Enkheim;2023;insgesamt;99;101;46;337;455;223;159;198;113;366
Bergen-Enkheim;2023;weiblich;41;45;12;161;232;123;80;103;60;169
Bergen-Enkheim;2023;männlich;58;56;34;176;223;100;79;95;53;197
Frankfurter Berg;2023;insgesamt;42;43;57;146;165;144;135;103;44;233
Frankfurter Berg;2023;weiblich;23;22;21;62;76;60;70;48;16;106
Frankfurter Berg;2023;männlich;19;21;36;84;89;84;65;55;28;127
Altstadt;2024;insgesamt;54;52;53;122;100;46;55;61;62;117
Altstadt;2024;weiblich;26;29;22;49;59;23;28;33;26;67
Altstadt;2024;männlich;28;23;31;73;41;23;27;28;36;50
Innenstadt;2024;insgesamt;132;73;125;219;228;74;232;126;105;219
Innenstadt;2024;weiblich;74;31;58;87;127;34;103;71;60;103
Innenstadt;2024;männlich;58;42;67;132;101;40;129;55;45;116
Bahnhofsviertel;2024;insgesamt;76;76;101;70;35;58;169;31;74;109
Bahnhofsviertel;2024;weiblich;37;30;21;26;16;16;81;16;35;42
Bahnhofsviertel;2024;männlich;39;46;80;44;19;42;88;15;39;67
Westend-Süd;2024;insgesamt;115;154;169;574;119;156;121;82;228;213
Westend-Süd;2024;weiblich;59;75;75;284;68;101;68;39;125;110
Westend-Süd;2024;männlich;56;79;94;290;51;55;53;43;103;103
Westend-Nord;2024;insgesamt;66;72;99;223;124;59;54;76;133;189
Westend-Nord;2024;weiblich;32;34;47;101;73;41;35;38;65;97
Westend-Nord;2024;männlich;34;38;52;122;51;18;19;38;68;92
Nordend-West;2024;insgesamt;147;220;325;595;421;185;189;245;316;367
Nordend-West;2024;weiblich;76;118;138;266;226;101;89;122;176;173
Nordend-West;2024;männlich;71;102;187;329;195;84;100;123;140;194
Nordend-Ost;2024;insgesamt;89;143;174;447;384;176;170;203;205;398
Nordend-Ost;2024;weiblich;51;71;79;191;206;92;80;104;116;206
Nordend-Ost;2024;männlich;38;72;95;256;178;84;90;99;89;192
Ostend;2024;insgesamt;323;232;424;664;767;284;431;503;329;829
Ostend;2024;weiblich;146;103;194;311;383;141;213;245;174;422
Ostend;2024;männlich;177;129;230;353;384;143;218;258;155;407
Bornheim;2024;insgesamt;162;162;254;636;706;262;264;353;329;803
Bornheim;2024;weiblich;87;87;122;282;373;141;133;181;182;397
Bornheim;2024;männlich;75;75;132;354;333;121;131;172;147;406
Gutleutviertel;2024;insgesamt;62;135;155;98;195;101;135;82;80;180
Gutleutviertel;2024;weiblich;29;59;41;36;93;39;60;32;34;76
Gutleutviertel;2024;männlich;33;76;114;62;102;62;75;50;46;104
Gallus;2024;insgesamt;810;630;1569;823;1099;633;757;932;512;1692
Gallus;2024;weiblich;386;283;696;374;540;327;390;437;242;827
Gallus;2024;männlich;424;347;873;449;559;306;367;495;270;865
Bockenheim;2024;insgesamt;411;480;929;877;614;401;663;374;447;1334
Bockenheim;2024;weiblich;205;240;427;400;319;195;295;208;236;640
Bockenheim;2024;männlich;206;240;502;477;295;206;368;166;211;694
Sachsenhausen-Nord;2024;insgesamt;178;239;249;665;471;274;293;317;348;574
Sachsenhausen-Nord;2024;weiblich;92;112;107;304;236;155;140;154;195;302
Sachsenhausen-Nord;2024;männlich;86;127;142;361;235;119;153;163;153;272
Sachsenhausen-Süd (inkl. Flughafen);2024;insgesamt;150;168;426;601;573;321;279;308;300;506
Sachsenhausen-Süd (inkl. Flughafen);2024;weiblich;80;84;193;256;313;159;131;152;143;242
Sachsenhausen-Süd (inkl. Flughafen);2024;männlich;70;84;233;345;260;162;148;156;157;264
Oberrad;2024;insgesamt;143;97;143;220;409;261;350;318;130;530
Oberrad;2024;weiblich;73;45;58;102;205;127;159;166;63;257
Oberrad;2024;männlich;70;52;85;118;204;134;191;152;67;273
Niederrad;2024;insgesamt;312;235;1117;469;950;408;483;447;452;1015
Niederrad;2024;weiblich;154;104;535;194;475;202;248;203;235;491
Niederrad;2024;männlich;158;131;582;275;475;206;235;244;217;524
Schwanheim;2024;insgesamt;141;103;99;262;347;216;310;178;192;894
Schwanheim;2024;weiblich;80;43;40;110;160;115;142;93;91;433
Schwanheim;2024;männlich;61;60;59;152;187;101;168;85;101;461
Griesheim;2024;insgesamt;561;348;386;649;542;612;704;466;250;1228
Griesheim;2024;weiblich;259;189;195;310;258;195;265;204;108;629
Griesheim;2024;männlich;302;159;191;339;284;417;439;262;142;599
Rödelheim;2024;insgesamt;334;116;700;368;394;340;353;196;226;599
Rödelheim;2024;weiblich;162;54;331;156;197;169;158;86;122;300
Rödelheim;2024;männlich;172;62;369;212;197;171;195;110;104;299
Hausen;2024;insgesamt;44;48;126;94;80;85;122;71;74;260
Hausen;2024;weiblich;28;22;58;42;43;43;52;38;34;125
Hausen;2024;männlich;16;26;68;52;37;42;70;33;40;135
Praunheim;2024;insgesamt;104;89;214;193;321;226;217;184;156;577
Praunheim;2024;weiblich;45;45;121;88;173;132;93;91;80;293
Praunheim;2024;männlich;59;44;93;105;148;94;124;93;76;284
Heddernheim;2024;insgesamt;125;94;109;382;295;218;162;184;134;652
Heddernheim;2024;weiblich;67;47;55;188;157;124;84;99;67;324
Heddernheim;2024;männlich;58;47;54;194;138;94;78;85;67;328
Niederursel;2024;insgesamt;146;113;227;326;347;212;153;177;183;804
Niederursel;2024;weiblich;73;54;110;153;168;116;84;89;93;400
Niederursel;2024;männlich;73;59;117;173;179;96;69;88;90;404
Ginnheim;2024;insgesamt;119;133;107;234;379;213;197;188;191;558
Ginnheim;2024;weiblich;58;74;49;107;194;115;90;91;101;293
Ginnheim;2024;männlich;61;59;58;127;185;98;107;97;90;265
Dornbusch;2024;insgesamt;90;117;180;274;351;193;114;221;170;367
Dornbusch;2024;weiblich;50;55;65;132;181;110;72;113;83;181
Dornbusch;2024;männlich;40;62;115;142;170;83;42;108;87;186
Eschersheim;2024;insgesamt;71;81;153;215;308;210;188;158;112;371
Eschersheim;2024;weiblich;36;41;77;88;164;117;83;85;56;193
Eschersheim;2024;männlich;35;40;76;127;144;93;105;73;56;178
Eckenheim;2024;insgesamt;166;78;120;250;350;154;207;175;93;589
Eckenheim;2024;weiblich;83;37;55;104;175;81;108;96;44;300
Eckenheim;2024;männlich;83;41;65;146;175;73;99;79;49;289
Preungesheim;2024;insgesamt;190;96;92;321;455;212;207;194;131;525
Preungesheim;2024;weiblich;85;49;36;150;232;124;104;94;62;248
Preungesheim;2024;männlich;105;47;56;171;223;88;103;100;69;277
Bonames;2024;insgesamt;60;88;66;85;119;101;100;69;100;177
Bonames;2024;weiblich;29;42;32;33;60;62;40;34;40;80
Bonames;2024;männlich;31;46;34;52;59;39;60;35;60;97
Berkersheim;2024;insgesamt;11;18;16;36;32;49;31;12;25;69
Berkersheim;2024;weiblich;5;8;7;18;14;28;17;6;12;33
Berkersheim;2024;männlich;6;10;9;18;18;21;14;6;13;36
Riederwald;2024;insgesamt;52;24;19;136;99;35;51;45;50;236
Riederwald;2024;weiblich;27;11;10;60;52;21;28;27;22;127
Riederwald;2024;männlich;25;13;9;76;47;14;23;18;28;109
Seckbach;2024;insgesamt;127;41;70;157;248;141;273;201;76;301
Seckbach;2024;weiblich;59;21;34;72;121;76;114;69;40;145
Seckbach;2024;männlich;68;20;36;85;127;65;159;132;36;156
Fechenheim;2024;insgesamt;473;120;206;495;423;474;614;432;189;1053
Fechenheim;2024;weiblich;221;58;93;218;184;183;276;193;77;527
Fechenheim;2024;männlich;252;62;113;277;239;291;338;239;112;526
Höchst;2024;insgesamt;825;178;300;402;332;271;546;336;212;680
Höchst;2024;weiblich;401;90;153;176;157;135;237;162;99;340
Höchst;2024;männlich;424;88;147;226;175;136;309;174;113;340
Nied;2024;insgesamt;660;198;316;409;510;451;495;427;223;1163
Nied;2024;weiblich;335;93;144;197;237;215;228;165;106;553
Nied;2024;männlich;325;105;172;212;273;236;267;262;117;610
Sindlingen;2024;insgesamt;106;63;208;197;162;156;176;116;84;456
Sindlingen;2024;weiblich;51;32;105;75;72;70;93;53;36;226
Sindlingen;2024;männlich;55;31;103;122;90;86;83;63;48;230
Zeilsheim;2024;insgesamt;274;84;178;262;239;179;180;169;291;612
Zeilsheim;2024;weiblich;136;37;94;119;116;90;78;74;128;303
Zeilsheim;2024;männlich;138;47;84;143;123;89;102;95;163;309
Unterliederbach;2024;insgesamt;300;132;213;467;317;226;250;358;272;742
Unterliederbach;2024;weiblich;162;60;93;218;163;118;124;143;120;363
Unterliederbach;2024;männlich;138;72;120;249;154;108;126;215;152;379
Sossenheim;2024;insgesamt;475;115;304;337;286;376;396;219;191;1018
Sossenheim;2024;weiblich;233;53;138;154;142;181;197;98;95;509
Sossenheim;2024;männlich;242;62;166;183;144;195;199;121;96;509
Nieder-Erlenbach;2024;insgesamt;5;16;18;51;26;45;42;13;14;33
Nieder-Erlenbach;2024;weiblich;0;8;9;28;12;20;16;7;9;15
Nieder-Erlenbach;2024;männlich;5;8;9;23;14;25;26;6;5;18
Kalbach-Riedberg;2024;insgesamt;79;115;340;294;259;196;136;114;181;388
Kalbach-Riedberg;2024;weiblich;41;55;150;136;133;109;68;56;81;196
Kalbach-Riedberg;2024;männlich;38;60;190;158;126;87;68;58;100;192
Harheim;2024;insgesamt;21;8;19;66;39;45;47;20;37;42
Harheim;2024;weiblich;9;3;5;29;17;19;23;8;14;22
Harheim;2024;männlich;12;5;14;37;22;26;24;12;23;20
Nieder-Eschbach;2024;insgesamt;82;110;173;168;185;159;197;74;95;284
Nieder-Eschbach;2024;weiblich;46;54;86;77;90;86;93;35;48;146
Nieder-Eschbach;2024;männlich;36;56;87;91;95;73;104;39;47;138
Bergen-Enkheim;2024;insgesamt;97;91;65;333;469;213;182;193;125;375
Bergen-Enkheim;2024;weiblich;43;38;20;156;228;120;94;98;68;179
Bergen-Enkheim;2024;männlich;54;53;45;177;241;93;88;95;57;196
Frankfurter Berg;2024;insgesamt;44;43;57;143;171;141;131;103;40;216
Frankfurter Berg;2024;weiblich;26;22;24;58;86;57;70;46;16;99
Frankfurter Berg;2024;männlich;18;21;33;85;85;84;61;57;24;117
