Feldesname;Entstehung;Erloschen;Geo Point;Geo Shape;feldesnumm;Berechtigung;Bodenschatz;Feldgröße;Rechtsinhaber
Union 249;1950-04-25;nein;51.03741578124561, 6.482431210915338;"{""coordinates"": [[[6.466273703384345, 51.04174372271039], [6.467398911196343, 51.042295909982876], [6.471393418964877, 51.04123748496761], [6.489001925428512, 51.041309489491596], [6.489485139133452, 51.037257267714274], [6.493784830150346, 51.030730476049136], [6.484856023327821, 51.032582298106114], [6.466273703384345, 51.04174372271039]]], ""type"": ""Polygon""}";4000283401;aufrechterhaltenes Bergwerkseigentum;Braunkohle;1 036 185 m²;Rheinbraun Verkaufsgesellschaft mit beschränkter Haftung in Köln
Harff;1938-09-13;nein;51.02320845230596, 6.547590222469823;"{""coordinates"": [[[6.539634811394056, 51.02278239445437], [6.542007750421168, 51.02446561527491], [6.541973635352266, 51.02995053881387], [6.542096585335271, 51.032171180305546], [6.55490271333856, 51.03184393124644], [6.554693742432001, 51.03105580533037], [6.554289294595141, 51.028465292999215], [6.554455179345359, 51.02732470896908], [6.554545326505049, 51.026866724912544], [6.555774749938589, 51.026340398965786], [6.556005821192256, 51.02551858099868], [6.555233963986761, 51.023432328962315], [6.554886363788763, 51.022013686990086], [6.55506680820839, 51.01922720272305], [6.55578663099018, 51.018519948115426], [6.555374598739011, 51.01826659240494], [6.556403071154937, 51.017627944293935], [6.545150131518573, 51.014703670403], [6.539871591894641, 51.013331513837265], [6.539634811394056, 51.02278239445437]]], ""type"": ""Polygon""}";4000275401;aufrechterhaltenes Bergwerkseigentum;Braunkohle;1 851 569 m²;Rheinische Braunkohlenwerke Aktiengesellschaft in Köln
Capellen 3;1912-07-25;nein;51.156270501422384, 6.578309320737493;"{""coordinates"": [[[6.571258208142439, 51.16426398630963], [6.587065534401169, 51.16431535317035], [6.587161992043765, 51.15228955192658], [6.584543106763549, 51.15228116047839], [6.584562705857723, 51.149871812415796], [6.587181454709222, 51.149880201600006], [6.587200772942166, 51.14747075754214], [6.571399203919434, 51.14741948660984], [6.57132394954357, 51.15640812823578], [6.56760764236947, 51.15639571287947], [6.567570671604668, 51.16077627077834], [6.571258208142439, 51.16426398630963]]], ""type"": ""Polygon""}";4000088001;aufrechterhaltenes Bergwerkseigentum;Braunkohle;2 199 958 m²;Rheinbraun Verkaufsgesellschaft mit beschränkter Haftung in Köln
Capellen 4;1912-07-25;nein;51.15386058060839, 6.607006070826888;"{""coordinates"": [[[6.600205905831236, 51.164356279502044], [6.613646409846371, 51.164396637380506], [6.613803183379459, 51.143363237337894], [6.600368791207552, 51.14332297892705], [6.600205905831236, 51.164356279502044]]], ""type"": ""Polygon""}";4000088101;aufrechterhaltenes Bergwerkseigentum;Braunkohle;2 199 964 m²;Rheinbraun Verkaufsgesellschaft mit beschränkter Haftung in Köln
Kaspar;1905-01-06;nein;51.00071203571762, 6.678238271922211;"{""coordinates"": [[[6.668553276336372, 50.98482194248583], [6.671617806699372, 50.99129261688355], [6.673333503282356, 50.994901409591144], [6.673288180485515, 51.00229018913424], [6.681237445746427, 51.01903784920535], [6.684636730315549, 51.020214427724056], [6.688307377834226, 51.01638464429772], [6.684700503994178, 51.014209948387936], [6.678952579373055, 50.9842540202264], [6.668553276336372, 50.98482194248583]]], ""type"": ""Polygon""}";4000092101;aufrechterhaltenes Bergwerkseigentum;Braunkohle;2 188 915 m²;Rheinische Braunkohlenwerke Aktiengesellschaft in Köln
Union 35;1914-03-16;nein;51.05235964426013, 6.814181227854557;"{""coordinates"": [[[6.805201136011196, 51.043374713560475], [6.805146361626664, 51.06012085860437], [6.818227362404651, 51.059813735202134], [6.828023610465116, 51.05579805874983], [6.829534133584106, 51.0512243796622], [6.822091266702503, 51.05066765682708], [6.814440928433322, 51.04810554857126], [6.813318139044404, 51.04235126180761], [6.810586440544453, 51.04048721539872], [6.805201136011196, 51.043374713560475]]], ""type"": ""Polygon""}";4000181801;aufrechterhaltenes Bergwerkseigentum;Braunkohle;2 199 473 m²;Rheinbraun Verkaufsgesellschaft mit beschränkter Haftung in Köln
Union 14;1912-07-01;nein;51.08205371084111, 6.439303124168284;"{""coordinates"": [[[6.426957287190397, 51.07578293826202], [6.426507327183244, 51.079928027554], [6.427545897309759, 51.08393284705746], [6.42984564805737, 51.087520816545236], [6.434613993999638, 51.09119129468609], [6.439851085476734, 51.090750138054034], [6.437987751751135, 51.08946026338577], [6.460840055996327, 51.077404702393636], [6.441607408475591, 51.077164199454906], [6.428323553455039, 51.07584630001663], [6.426957287190397, 51.07578293826202]]], ""type"": ""Polygon""}";4000187201;aufrechterhaltenes Bergwerkseigentum;Braunkohle;2 199 926 m²;Rheinbraun Verkaufsgesellschaft mit beschränkter Haftung in Köln
Union 10;1912-07-01;nein;51.087734851930236, 6.469378375691134;"{""coordinates"": [[[6.461357360280479, 51.09666591921404], [6.469912116079462, 51.09670198151797], [6.470866181009116, 51.096515319330074], [6.476263070372618, 51.095460154042776], [6.480842479970138, 51.09371840185931], [6.480870015709165, 51.09103926727429], [6.476452135850219, 51.091021106096846], [6.476532573752647, 51.083285852265575], [6.479620973019324, 51.08031571222893], [6.467860955732221, 51.08007573226036], [6.467912201288801, 51.075237050513046], [6.462615438495642, 51.07686080763299], [6.462538205112948, 51.084086443074916], [6.461492152559554, 51.08408206859534], [6.461357360280479, 51.09666591921404]]], ""type"": ""Polygon""}";4000187001;aufrechterhaltenes Bergwerkseigentum;Braunkohle;2 199 745 m²;Rheinbraun Verkaufsgesellschaft mit beschränkter Haftung in Köln
Union 88;1923-08-31;nein;51.12398162329704, 6.471087480808132;"{""coordinates"": [[[6.460261247472804, 51.13036923847594], [6.48334162431411, 51.13046518702152], [6.48344758258852, 51.12012879143893], [6.482772190980647, 51.12012611875349], [6.470577382070889, 51.12007598541822], [6.470650278889203, 51.114143568433974], [6.463245027970519, 51.11411239542403], [6.46318161725938, 51.12004475107862], [6.460372358612452, 51.120032936684765], [6.460261247472804, 51.13036923847594]]], ""type"": ""Polygon""}";4000112301;aufrechterhaltenes Bergwerkseigentum;Braunkohle;2 199 917 m²;Rheinbraun Verkaufsgesellschaft mit beschränkter Haftung in Köln
Jüchen 9 a;1957-06-22;nein;51.10877784971643, 6.476644632853404;"{""coordinates"": [[[6.470577382070889, 51.12007598541822], [6.482772190980647, 51.12012611875349], [6.482937975149374, 51.10397338993981], [6.480736839270852, 51.10396445233416], [6.480829713809303, 51.09495410755167], [6.478965996548856, 51.09515954347511], [6.477513215705114, 51.09548004300666], [6.476190440694279, 51.09594391184328], [6.474897823984898, 51.09656941360419], [6.473890874471637, 51.09722068461298], [6.47082927731536, 51.099525237453804], [6.470698708664499, 51.110188617481796], [6.470650278889203, 51.114143568433974], [6.470577382070889, 51.12007598541822]]], ""type"": ""Polygon""}";4000048401;aufrechterhaltenes Bergwerkseigentum;Braunkohle;2 107 500 m²;Ilse Feldesbesitz Gesellschaft mit beschränkter Haftung in Bonn
Garzweiler 4;1909-03-09;nein;51.050448769403474, 6.494999884823295;"{""coordinates"": [[[6.481053956617827, 51.05594719240195], [6.504100306535651, 51.05603903167754], [6.504147949769629, 51.05117625476388], [6.512005653324075, 51.05120654122995], [6.512058335590309, 51.045706812057695], [6.481158903199837, 51.04558530371043], [6.481124768859782, 51.04890910986656], [6.481078717279369, 51.05338544884557], [6.481053956617827, 51.05594719240195]]], ""type"": ""Polygon""}";4000271701;aufrechterhaltenes Bergwerkseigentum;Braunkohle;2 199 987 m²;Rheinbraun Verkaufsgesellschaft mit beschränkter Haftung in Köln
Garzweiler 2;1909-03-09;nein;51.06021397408789, 6.497188202328992;"{""coordinates"": [[[6.480934070712429, 51.06745955465042], [6.490818877496971, 51.06412523604445], [6.494647350876004, 51.062833449491926], [6.497430093321315, 51.063230018151316], [6.501727623519232, 51.063814163942475], [6.513083773698331, 51.0638580542797], [6.51520767748507, 51.06386619254064], [6.515277776539696, 51.05608205276038], [6.504100306535651, 51.05603903167754], [6.481053956617827, 51.05594719240195], [6.480934070712429, 51.06745955465042]]], ""type"": ""Polygon""}";4000270601;aufrechterhaltenes Bergwerkseigentum;Braunkohle;2 200 000 m²;Rheinbraun Verkaufsgesellschaft mit beschränkter Haftung in Köln
Union 2;1912-11-01;nein;51.121461380039854, 6.538190348123178;"{""coordinates"": [[[6.522155950441626, 51.12897184625263], [6.520379700738009, 51.12866993067383], [6.520538636686928, 51.12960383030075], [6.529058014231, 51.132846544782296], [6.533128893412526, 51.133425855919015], [6.536968858259352, 51.11808678105663], [6.538360689767623, 51.1173726548758], [6.540641651513662, 51.11783026573433], [6.552158692985657, 51.12711052899123], [6.552169041363517, 51.11661253333523], [6.551681005336979, 51.116251182705334], [6.551650510478093, 51.11485790415615], [6.553267416892232, 51.11448595416457], [6.554316601806293, 51.111451824327126], [6.545940513121106, 51.112995184032705], [6.541291564694417, 51.112978687082006], [6.536230048458687, 51.11296050339353], [6.522155950441626, 51.12897184625263]]], ""type"": ""Polygon""}";4000089501;aufrechterhaltenes Bergwerkseigentum;Braunkohle;2 199 945 m²;Rheinbraun Verkaufsgesellschaft mit beschränkter Haftung in Köln
Elsen 1;1911-03-06;nein;51.09494809831302, 6.557556766543312;"{""coordinates"": [[[6.540690809111333, 51.09338079089764], [6.546049745560257, 51.09429869633188], [6.546036236828976, 51.09582668848897], [6.569005460686349, 51.10422974052784], [6.574545555497243, 51.100750836922096], [6.57259659642305, 51.09820058036611], [6.571662301909966, 51.097262606603536], [6.568935369426064, 51.09559965884467], [6.558560713097176, 51.090243156459294], [6.554828692628986, 51.08609520572423], [6.546286610471346, 51.08692860183926], [6.540690809111333, 51.09338079089764]]], ""type"": ""Polygon""}";4000088501;aufrechterhaltenes Bergwerkseigentum;Braunkohle;2 199 953 m²;Rheinbraun Verkaufsgesellschaft mit beschränkter Haftung in Köln
Juno;1906-05-19;nein;51.02727771079266, 6.644809952641344;"{""coordinates"": [[[6.627845989887446, 51.031275929160614], [6.653234068857977, 51.03194806854417], [6.662862541306159, 51.028763782651026], [6.668306381646006, 51.02439977436917], [6.664459217512375, 51.02422838007516], [6.65892061432849, 51.02111312972468], [6.658888373596222, 51.02611091351683], [6.628056254744348, 51.021469474155055], [6.627845989887446, 51.031275929160614]]], ""type"": ""Polygon""}";4000091001;aufrechterhaltenes Bergwerkseigentum;Braunkohle;2 190 252 m²;Rheinische Braunkohlenwerke Aktiengesellschaft in Köln
Diana;1906-05-19;nein;51.037309673532505, 6.6689708638758285;"{""coordinates"": [[[6.643818390995335, 51.04563116793718], [6.670194729016515, 51.04626561577973], [6.668523664156975, 51.039834402194714], [6.680211284500178, 51.03573064887415], [6.684211362375146, 51.03432610536537], [6.688303193381107, 51.024447764545634], [6.681176755106687, 51.02443106494095], [6.674050193777504, 51.02441392769921], [6.676706947524375, 51.025858626892926], [6.681010805993237, 51.02834096664175], [6.677609818515309, 51.0321260597649], [6.659923597348214, 51.038014910033446], [6.643818390995335, 51.04563116793718]]], ""type"": ""Polygon""}";4000225901;aufrechterhaltenes Bergwerkseigentum;Braunkohle;2 188 814 m²;Rheinische Braunkohlenwerke Aktiengesellschaft in Köln
Poseidon;1906-05-19;nein;51.02163799135452, 6.705280457011979;"{""coordinates"": [[[6.681176755106687, 51.02443106494095], [6.688303193381107, 51.024447764545634], [6.695985485899565, 51.024465281839134], [6.701472971476526, 51.02447752575043], [6.701449635234272, 51.02952025270074], [6.715216526468224, 51.029235161099685], [6.715285080044802, 51.016120350770606], [6.715333109540729, 51.006961564195365], [6.707402751395095, 51.016463254662774], [6.698835783303747, 51.019410916644844], [6.688734543371634, 51.02133862535844], [6.681182180967694, 51.023505240770476], [6.681176755106687, 51.02443106494095]]], ""type"": ""Polygon""}";4000229201;aufrechterhaltenes Bergwerkseigentum;Braunkohle;2 188 882 m²;Rheinische Braunkohlenwerke Aktiengesellschaft in Köln
Rheinland;;ja;51.093318331132025, 6.273313532842586;"{""coordinates"": [[[6.223553368939521, 51.435508654430606], [6.491079448929761, 51.357957149510334], [6.502773035129287, 51.067220759374955], [6.506188709428678, 50.93308055574949], [6.031506245878165, 50.76337108652249], [6.023314095159959, 50.763561772986655], [6.033797124681449, 50.775515008720824], [6.003614701619502, 50.78872518480988], [6.004055166095939, 50.79828977121827], [6.017164188287265, 50.80588460828992], [6.031881259047934, 50.81434940805924], [6.028243622370672, 50.8291197945838], [6.021715583267266, 50.83112582801485], [6.021906081311003, 50.84407038858999], [6.0319744646866, 50.84676480699212], [6.050083264567071, 50.85170239892797], [6.076311883620014, 50.84331911098225], [6.081067424180656, 50.85922689275874], [6.088333762202073, 50.86390499997778], [6.09383304003726, 50.87209886024225], [6.087920384761194, 50.88574906538362], [6.079919393382017, 50.893818184150845], [6.086438647625674, 50.9066590661488], [6.099335333057133, 50.92080665350522], [6.096158993723097, 50.9252319693787], [6.089200627530515, 50.92350262366573], [6.072722331315709, 50.92688507790265], [6.059994035930723, 50.92806990701577], [6.052844504376115, 50.932334254181974], [6.045006820343174, 50.93264324928483], [6.021764860282197, 50.936542288974906], [6.021004189474214, 50.95298351881134], [6.016993120573177, 50.95880008609904], [6.033139264948222, 50.98662666648325], [5.986783482960707, 50.984617379863415], [5.980075615727247, 50.98566824972879], [5.968086543835557, 50.98260042444703], [5.955945759327212, 50.991100196908896], [5.930869391913819, 50.98746565632366], [5.908704626513249, 50.99708678604511], [5.909446179561599, 51.00404488330012], [5.899810686437866, 51.0061764374366], [5.900139960624315, 51.01211843154493], [5.884950698613063, 51.017704661488466], [5.880348886743362, 51.028325066826305], [5.881846575630028, 51.0392121542105], [5.871983087382525, 51.048559282449425], [5.894025332997153, 51.05054976052366], [5.914324916111468, 51.06289002499923], [5.923237919447464, 51.04703073765807], [5.936990255461138, 51.03226105011581], [5.958830360834771, 51.031434661210945], [5.963658301034714, 51.03747683056571], [5.972877873014796, 51.045910803548], [5.975992998449176, 51.061282457134034], [5.998601680934537, 51.08004454693626], [6.014430437044145, 51.089266060018154], [6.031446109438185, 51.09240870925113], [6.046926496655537, 51.099666404373096], [6.058828990155848, 51.10772390776065], [6.063149846556754, 51.11401384651122], [6.075578455013015, 51.116676020626656], [6.089974028673845, 51.1238837853057], [6.094300445230564, 51.133215659609796], [6.132932312133764, 51.06628876232578], [6.156209906894845, 51.0109942880882], [6.358728657256729, 50.993930586567195], [6.457115368586246, 51.06875415432534], [6.348123969271272, 51.08348315315604], [6.143426903910269, 51.2944469158068], [6.158494250192272, 51.30687371949913], [6.165364140358274, 51.31902566449824], [6.175489589886796, 51.32982403769798], [6.196892027127244, 51.3321898696104], [6.197955229924911, 51.33916309212975], [6.233002462901386, 51.35958315233458], [6.22106086849127, 51.3870301324135], [6.236202497171892, 51.40378185370893], [6.213874658967312, 51.404714645907994], [6.223553368939521, 51.435508654430606]], [[6.103414575768244, 50.894186216103336], [6.148507523893747, 50.8610569434364], [6.181251618241004, 50.88078687822324], [6.137139819789054, 50.90763501275759], [6.103414575768244, 50.894186216103336]]], ""type"": ""Polygon""}";1100424501;Erlaubnis zu gewerblichen Zwecken;Kohlenwasserstoffe;1 402 676 800 m²;Auskunft erteilt Bezirksregierung Arnsberg, Dez. 65
Garzweiler 3;1909-03-09;nein;51.04923633274325, 6.461755597749753;"{""coordinates"": [[[6.442173916040044, 51.05321989432069], [6.463323148567131, 51.05331169790557], [6.481078717279369, 51.05338544884557], [6.481124768859782, 51.04890910986656], [6.4713138342975, 51.048868741211834], [6.471393418964877, 51.04123748496761], [6.467398911196343, 51.042295909982876], [6.442221232995126, 51.04895961310985], [6.442173916040044, 51.05321989432069]]], ""type"": ""Polygon""}";4000186101;aufrechterhaltenes Bergwerkseigentum;Braunkohle;2 199 871 m²;Rheinbraun Verkaufsgesellschaft mit beschränkter Haftung in Köln
Horrem 139;1963-09-13;nein;51.069416524944145, 6.464245671710959;"{""coordinates"": [[[6.460959101012591, 51.07161212158392], [6.470347902123375, 51.07155226380746], [6.463186577917405, 51.06611133317968], [6.461018229538728, 51.06610209254163], [6.460959101012591, 51.07161212158392]]], ""type"": ""Polygon""}";4000038001;aufrechterhaltenes Bergwerkseigentum;Braunkohle;247 420 m²;RWE Rheinbraun Aktiengesellschaft in Köln
Jüchen 2 a;1957-06-22;nein;51.10004622235027, 6.490952442670774;"{""coordinates"": [[[6.480736839270852, 51.10396445233416], [6.482937975149374, 51.10397338993981], [6.495167302227133, 51.10402246444912], [6.502202105085676, 51.10405009306195], [6.502269854024011, 51.09716112576913], [6.493384566688124, 51.096582674344944], [6.49116903186184, 51.09631333070841], [6.484719274965888, 51.09520770900121], [6.483432517260248, 51.09501522986851], [6.481861292301055, 51.09491392346872], [6.480829713809303, 51.09495410755167], [6.480736839270852, 51.10396445233416]]], ""type"": ""Polygon""}";4000047901;aufrechterhaltenes Bergwerkseigentum;Braunkohle;1 313 437 m²;Ilse Feldesbesitz Gesellschaft mit beschränkter Haftung in Bonn
Jüchen 5 a;1957-02-16;nein;51.07258133838876, 6.50104577919586;"{""coordinates"": [[[6.493050347897133, 51.075582463977995], [6.496118015211961, 51.075594643537556], [6.496128188905876, 51.07457609000682], [6.517866721231636, 51.074660131243064], [6.512228468207101, 51.07339102451489], [6.500061912148126, 51.06981219390894], [6.496816536774932, 51.06918785047548], [6.494627606814049, 51.068122156048524], [6.493098385180245, 51.07079102851187], [6.493050347897133, 51.075582463977995]]], ""type"": ""Polygon""}";4000155001;aufrechterhaltenes Bergwerkseigentum;Braunkohle;628 866 m²;RWE Energie Aktiengesellschaft in Essen
Jüchen 3 a;1957-06-22;nein;51.10091490374288, 6.509534429561014;"{""coordinates"": [[[6.502202105085676, 51.10405009306195], [6.52095321439918, 51.10412172926991], [6.515071735693001, 51.10047749994162], [6.513775155670188, 51.096611585138106], [6.512130577591584, 51.09680755175385], [6.509651565916565, 51.09724987273235], [6.507926014578055, 51.09741023670399], [6.506212967728778, 51.097417671842216], [6.502269854024011, 51.09716112576913], [6.502202105085676, 51.10405009306195]]], ""type"": ""Polygon""}";4000048001;aufrechterhaltenes Bergwerkseigentum;Braunkohle;759 318 m²;Ilse Feldesbesitz Gesellschaft mit beschränkter Haftung in Bonn
Union 226;1931-03-14;nein;51.14024011619253, 6.544506068533701;"{""coordinates"": [[[6.53127541772375, 51.13579128611833], [6.52768595662396, 51.139540774874966], [6.540264457116625, 51.148522170084625], [6.553988121860369, 51.14317168984323], [6.558103339556463, 51.143185774761584], [6.55818994163955, 51.13317274409396], [6.555632509986943, 51.132605911405626], [6.554078849884593, 51.13343009192754], [6.55371770522919, 51.13324724058318], [6.546566811463012, 51.13570320658099], [6.539658870397163, 51.13648763307025], [6.53127541772375, 51.13579128611833]]], ""type"": ""Polygon""}";4000092001;aufrechterhaltenes Bergwerkseigentum;Braunkohle;2 199 833 m²;Rheinbraun Verkaufsgesellschaft mit beschränkter Haftung in Köln
Dr. Grämer;1929-04-06;nein;51.01130108113732, 6.561941223883036;"{""coordinates"": [[[6.545150131518573, 51.014703670403], [6.556403071154937, 51.017627944293935], [6.555374598739011, 51.01826659240494], [6.55578663099018, 51.018519948115426], [6.55506680820839, 51.01922720272305], [6.554886363788763, 51.022013686990086], [6.555233963986761, 51.023432328962315], [6.556005821192256, 51.02551858099868], [6.567144359843356, 51.02548571889132], [6.562005829497654, 51.014149353427726], [6.581153963930482, 51.002334819882144], [6.583952788507067, 51.00273903676534], [6.583763862305107, 51.00055413473249], [6.557992890036473, 51.002239415633234], [6.554914042557073, 51.005418563557484], [6.552462387150056, 51.00794970594945], [6.545150131518573, 51.014703670403]]], ""type"": ""Polygon""}";4000268401;aufrechterhaltenes Bergwerkseigentum;Braunkohle;2 969 573 m²;Rheinische Braunkohlenwerke Aktiengesellschaft in Köln
Glücklicher Fall-Ost;1924-05-14;nein;51.0280521703229, 6.589553377200878;"{""coordinates"": [[[6.574697037033583, 51.04213785243123], [6.580397116646735, 51.04312453699611], [6.594017004595105, 51.0265018179779], [6.603300240944769, 51.01514317494299], [6.600590902605079, 51.01112985940722], [6.574697037033583, 51.04213785243123]]], ""type"": ""Polygon""}";4000274601;aufrechterhaltenes Bergwerkseigentum;Braunkohle;1 444 839 m²;Rheinische Braunkohlenwerke Aktiengesellschaft in Köln
Neurath 4;1959-09-05;nein;51.03768080918638, 6.600565801974773;"{""coordinates"": [[[6.580397116646735, 51.04312453699611], [6.591070105175691, 51.03943584884052], [6.627404527317829, 51.05186953262714], [6.604212046417184, 51.03542324822699], [6.603253182839553, 51.032184052722755], [6.60638508855078, 51.028903915995386], [6.599286170039231, 51.02702145513011], [6.594017004595105, 51.0265018179779], [6.580397116646735, 51.04312453699611]]], ""type"": ""Polygon""}";4000085501;aufrechterhaltenes Bergwerkseigentum;Braunkohle;2 627 001 m²;Rheinische Braunkohlenwerke Aktiengesellschaft in Köln
Venus;1906-05-19;nein;51.034481079012984, 6.644356601967622;"{""coordinates"": [[[6.674050193777504, 51.02441392769921], [6.668306381646006, 51.02439977436917], [6.662862541306159, 51.028763782651026], [6.653234068857977, 51.03194806854417], [6.627845989887446, 51.031275929160614], [6.627607687619447, 51.045262772169025], [6.631171975154353, 51.04534481968074], [6.633950122731053, 51.041631184752006], [6.651727505466585, 51.0355936463737], [6.676706947524375, 51.025858626892926], [6.674050193777504, 51.02441392769921]]], ""type"": ""Polygon""}";4000231101;aufrechterhaltenes Bergwerkseigentum;Braunkohle;2 189 716 m²;Rheinische Braunkohlenwerke Aktiengesellschaft in Köln
Union;1910-03-19;nein;51.047352395547556, 6.6871768459012175;"{""coordinates"": [[[6.677576954762202, 51.05639609634457], [6.688359659978399, 51.05642152896392], [6.69750509007949, 51.053386170362124], [6.702093021335028, 51.047143875155044], [6.686704769376094, 51.04675462934793], [6.69166546633448, 51.03484357345043], [6.680211284500178, 51.03573064887415], [6.680146271082698, 51.04655936294261], [6.677576954762202, 51.05639609634457]]], ""type"": ""Polygon""}";4000230301;aufrechterhaltenes Bergwerkseigentum;Braunkohle;2 198 211 m²;Rheinische Braunkohlenwerke Aktiengesellschaft in Köln
Advent;1906-05-19;nein;51.03853378143748, 6.697695970962785;"{""coordinates"": [[[6.686704769376094, 51.04675462934793], [6.702093021335028, 51.047143875155044], [6.708162935052129, 51.04729693409625], [6.708205608659864, 51.03938679580342], [6.701404759594028, 51.03937206822217], [6.701449635234272, 51.02952025270074], [6.701472971476526, 51.02447752575043], [6.695985485899565, 51.024465281839134], [6.69166546633448, 51.03484357345043], [6.686704769376094, 51.04675462934793]]], ""type"": ""Polygon""}";4000223801;aufrechterhaltenes Bergwerkseigentum;Braunkohle;2 188 817 m²;Rheinische Braunkohlenwerke Aktiengesellschaft in Köln
Horrem 7;1926-01-14;nein;51.04703284403593, 6.759622046337407;"{""coordinates"": [[[6.752849265012012, 51.03551876966295], [6.752751957402299, 51.05748758066382], [6.765488876377377, 51.0575092839974], [6.765528372180865, 51.0480081283809], [6.771817150088755, 51.048018339708406], [6.771833703134575, 51.04391035497578], [6.762722282951077, 51.04389549298451], [6.762757462752191, 51.035535825692655], [6.752849265012012, 51.03551876966295]]], ""type"": ""Polygon""}";4000023501;aufrechterhaltenes Bergwerkseigentum;Braunkohle;2 199 880 m²;RWE Rheinbraun Aktiengesellschaft in Köln
Wolff-Holzweiler 2;1910-05-11;nein;51.04264849908069, 6.445983978464246;"{""coordinates"": [[[6.431748276979484, 51.047679631600715], [6.442221232995126, 51.04895961310985], [6.467398911196343, 51.042295909982876], [6.466273703384345, 51.04174372271039], [6.459150457695215, 51.0382467955609], [6.444500381844066, 51.037967554950264], [6.4343966577406, 51.037773389237046], [6.43171770199397, 51.03772161596573], [6.431725824315499, 51.0404114577763], [6.431748276979484, 51.047679631600715]]], ""type"": ""Polygon""}";4000188201;aufrechterhaltenes Bergwerkseigentum;Braunkohle;2 199 905 m²;Rheinbraun Verkaufsgesellschaft mit beschränkter Haftung in Köln
Wolff-Holzweiler 1;1910-05-11;nein;51.05777462182404, 6.447543146354844;"{""coordinates"": [[[6.431419401486647, 51.06203558822369], [6.451558960633291, 51.062268195516566], [6.463227170252058, 51.06231817083728], [6.463323148567131, 51.05331169790557], [6.442173916040044, 51.05321989432069], [6.43139419543154, 51.053829531374426], [6.431419401486647, 51.06203558822369]]], ""type"": ""Polygon""}";4000188101;aufrechterhaltenes Bergwerkseigentum;Braunkohle;2 199 939 m²;Rheinbraun Verkaufsgesellschaft mit beschränkter Haftung in Köln
Union 7;1912-07-01;nein;51.0729441491275, 6.480379500365763;"{""coordinates"": [[[6.467860955732221, 51.08007573226036], [6.479620973019324, 51.08031571222893], [6.482240226079147, 51.0777951667251], [6.489026600540179, 51.075566388605786], [6.493050347897133, 51.075582463977995], [6.493098385180245, 51.07079102851187], [6.494627606814049, 51.068122156048524], [6.494870720868901, 51.06769645746782], [6.490818877496971, 51.06412523604445], [6.480934070712429, 51.06745955465042], [6.470347902123375, 51.07155226380746], [6.460959101012591, 51.07161212158392], [6.467912201288801, 51.075237050513046], [6.467860955732221, 51.08007573226036]]], ""type"": ""Polygon""}";4000089801;aufrechterhaltenes Bergwerkseigentum;Braunkohle;2 199 993 m²;Rheinbraun Verkaufsgesellschaft mit beschränkter Haftung in Köln
Garzweiler 5;1909-03-09;nein;51.04484556485241, 6.496345145681179;"{""coordinates"": [[[6.4713138342975, 51.048868741211834], [6.481124768859782, 51.04890910986656], [6.481158903199837, 51.04558530371043], [6.512058335590309, 51.045706812057695], [6.512005653324075, 51.05120654122995], [6.521264678182122, 51.05124148876927], [6.521312815124786, 51.045731503630684], [6.516185099835252, 51.04362388855501], [6.51620613004601, 51.0414150006732], [6.489001925428512, 51.041309489491596], [6.471393418964877, 51.04123748496761], [6.4713138342975, 51.048868741211834]]], ""type"": ""Polygon""}";4000272701;aufrechterhaltenes Bergwerkseigentum;Braunkohle;2 200 009 m²;Rheinbraun Verkaufsgesellschaft mit beschränkter Haftung in Köln
Jüchen 1;1912-07-05;nein;51.08437907674039, 6.487828006218048;"{""coordinates"": [[[6.476452135850219, 51.091021106096846], [6.480870015709165, 51.09103926727429], [6.503613829155091, 51.091129945717164], [6.503633879666708, 51.089079526322365], [6.495983811514813, 51.089049486283734], [6.496053919322324, 51.08203958032086], [6.496118015211961, 51.075594643537556], [6.493050347897133, 51.075582463977995], [6.489026600540179, 51.075566388605786], [6.482240226079147, 51.0777951667251], [6.479620973019324, 51.08031571222893], [6.476532573752647, 51.083285852265575], [6.476452135850219, 51.091021106096846]]], ""type"": ""Polygon""}";4000154501;aufrechterhaltenes Bergwerkseigentum;Braunkohle;2 199 933 m²;RWE Energie Aktiengesellschaft in Essen
Schroederwerk 12;1923-07-05;nein;51.13091209013311, 6.507686404209422;"{""coordinates"": [[[6.498874216223913, 51.13584006793558], [6.501388607695365, 51.1358499524498], [6.50454436361755, 51.144761170244635], [6.519439653482256, 51.129186481091544], [6.520538636686928, 51.12960383030075], [6.520379700738009, 51.12866993067383], [6.518921323008525, 51.12842204483547], [6.514343197135307, 51.12435666774692], [6.511997514809537, 51.120241332428925], [6.504865548212405, 51.122209381672526], [6.50717411082731, 51.12422286786432], [6.50761009426488, 51.124455129989904], [6.506295737765779, 51.124938588993466], [6.503439132862734, 51.124927432412825], [6.501135735509193, 51.123839836703134], [6.49972390212167, 51.12217136309621], [6.499029419945117, 51.12019110781259], [6.498874216223913, 51.13584006793558]]], ""type"": ""Polygon""}";4000048701;aufrechterhaltenes Bergwerkseigentum;Braunkohle;2 199 478 m²;Ilse Feldesbesitz Gesellschaft mit beschränkter Haftung in Bonn
Liedberg 1;1912-07-05;nein;51.13950228697514, 6.518645825579432;"{""coordinates"": [[[6.50454436361755, 51.144761170244635], [6.51784340588022, 51.14981648009131], [6.519745880667273, 51.1478304084315], [6.52768595662396, 51.139540774874966], [6.53127541772375, 51.13579128611833], [6.532749939406851, 51.134251427032375], [6.529058014231, 51.132846544782296], [6.520538636686928, 51.12960383030075], [6.519439653482256, 51.129186481091544], [6.50454436361755, 51.144761170244635]]], ""type"": ""Polygon""}";4000089301;aufrechterhaltenes Bergwerkseigentum;Braunkohle;2 199 991 m²;Rheinbraun Verkaufsgesellschaft mit beschränkter Haftung in Köln
Garzweiler 1;1909-03-09;nein;51.055328185394764, 6.520660617697671;"{""coordinates"": [[[6.51520767748507, 51.06386619254064], [6.528466930899913, 51.06312239616373], [6.531516163863928, 51.05885717079058], [6.529203673622637, 51.04671355588526], [6.521312815124786, 51.045731503630684], [6.521264678182122, 51.05124148876927], [6.512005653324075, 51.05120654122995], [6.504147949769629, 51.05117625476388], [6.504100306535651, 51.05603903167754], [6.515277776539696, 51.05608205276038], [6.51520767748507, 51.06386619254064]]], ""type"": ""Polygon""}";4000269801;aufrechterhaltenes Bergwerkseigentum;Braunkohle;2 200 001 m²;Rheinbraun Verkaufsgesellschaft mit beschränkter Haftung in Köln
Jüchen 4 b;1957-02-16;nein;51.07573821014514, 6.525447456154724;"{""coordinates"": [[[6.517866721231636, 51.074660131243064], [6.523901160389327, 51.07601794785106], [6.52669318255287, 51.07685930705352], [6.529032215292434, 51.07766952323125], [6.530136880331175, 51.07694070106915], [6.527208104692792, 51.0746948833387], [6.517866721231636, 51.074660131243064]]], ""type"": ""Polygon""}";4000154901;aufrechterhaltenes Bergwerkseigentum;Braunkohle;113 227 m²;RWE Energie Aktiengesellschaft in Essen
Elsen 4;1911-03-06;nein;51.084109087926684, 6.535877471782722;"{""coordinates"": [[[6.546286610471346, 51.08692860183926], [6.543538542264016, 51.07586251831661], [6.530136880331175, 51.07694070106915], [6.529032215292434, 51.07766952323125], [6.521521617653526, 51.082624329979026], [6.538111681062209, 51.094450113786095], [6.541761001265493, 51.09446317441287], [6.540690809111333, 51.09338079089764], [6.546286610471346, 51.08692860183926]]], ""type"": ""Polygon""}";4000088901;aufrechterhaltenes Bergwerkseigentum;Braunkohle;2 202 816 m²;Rheinbraun Verkaufsgesellschaft mit beschränkter Haftung in Köln
Capellen 5;1912-07-25;nein;51.13741533131774, 6.571751415981772;"{""coordinates"": [[[6.558103339556463, 51.143185774761584], [6.583223924115886, 51.14326918952069], [6.583280515524402, 51.13629381832762], [6.582774415486684, 51.126467670053266], [6.580509512772846, 51.12838015117261], [6.579221692951466, 51.129467483269714], [6.576968173591036, 51.13063542948842], [6.573913141754676, 51.132218771507844], [6.57340424450704, 51.13237162890797], [6.567611181745097, 51.13411253125216], [6.56438339353488, 51.13400277645114], [6.562195726291344, 51.132539174229166], [6.55818994163955, 51.13317274409396], [6.558103339556463, 51.143185774761584]]], ""type"": ""Polygon""}";4000088201;aufrechterhaltenes Bergwerkseigentum;Braunkohle;2 199 961 m²;Rheinbraun Verkaufsgesellschaft mit beschränkter Haftung in Köln
Tollhaus;1929-04-06;nein;51.018266415870805, 6.58038406157246;"{""coordinates"": [[[6.574697037033583, 51.04213785243123], [6.600590902605079, 51.01112985940722], [6.596112745503708, 51.004494353609395], [6.587801833862185, 51.00331310896812], [6.583952788507067, 51.00273903676534], [6.581153963930482, 51.002334819882144], [6.562005829497654, 51.014149353427726], [6.567144359843356, 51.02548571889132], [6.574697037033583, 51.04213785243123]]], ""type"": ""Polygon""}";4000279501;aufrechterhaltenes Bergwerkseigentum;Braunkohle;6 268 040 m²;Rheinische Braunkohlenwerke Aktiengesellschaft in Köln
Capellen 1;1912-07-25;nein;51.128302807023736, 6.592555307606549;"{""coordinates"": [[[6.583280515524402, 51.13629381832762], [6.601026235881454, 51.13621496827222], [6.601077861940974, 51.12953638991726], [6.601156213592588, 51.11937921261796], [6.592060589547093, 51.11909036346474], [6.589278882288363, 51.12225035305578], [6.585010711771564, 51.12077986275193], [6.585083858652048, 51.12350880492424], [6.584032252525637, 51.12485622905875], [6.582774415486684, 51.126467670053266], [6.583280515524402, 51.13629381832762]]], ""type"": ""Polygon""}";4000087801;aufrechterhaltenes Bergwerkseigentum;Braunkohle;2 199 971 m²;Rheinbraun Verkaufsgesellschaft mit beschränkter Haftung in Köln
Union 42;1914-06-26;nein;51.07140506385644, 6.717092739138689;"{""coordinates"": [[[6.701423557641619, 51.06687812893039], [6.701373767209085, 51.075866830013844], [6.732764973161369, 51.07593170836914], [6.732808675918344, 51.06694300703419], [6.701423557641619, 51.06687812893039]]], ""type"": ""Polygon""}";4000187301;aufrechterhaltenes Bergwerkseigentum;Braunkohle;2 199 974 m²;Rheinbraun Verkaufsgesellschaft mit beschränkter Haftung in Köln
Union 61;1915-04-22;nein;51.10255747095882, 6.458858220909712;"{""coordinates"": [[[6.444195007330223, 51.10633123924577], [6.461257020798402, 51.10640500268908], [6.46121681047475, 51.110148682934856], [6.470698708664499, 51.110188617481796], [6.47082927731536, 51.099525237453804], [6.470866181009116, 51.096515319330074], [6.469912116079462, 51.09670198151797], [6.461357360280479, 51.09666591921404], [6.461349060394212, 51.097429976938805], [6.4526681191389, 51.09662863668138], [6.452656808855691, 51.097655260547675], [6.444291727191781, 51.09761875587429], [6.444226837588272, 51.10346835380749], [6.444195007330223, 51.10633123924577]]], ""type"": ""Polygon""}";4000112201;aufrechterhaltenes Bergwerkseigentum;Braunkohle;2 199 914 m²;Rheinbraun Verkaufsgesellschaft mit beschränkter Haftung in Köln
Jüchen 2 b;1957-06-22;nein;51.09364529024751, 6.492887401777901;"{""coordinates"": [[[6.480829713809303, 51.09495410755167], [6.481861292301055, 51.09491392346872], [6.483432517260248, 51.09501522986851], [6.484719274965888, 51.09520770900121], [6.49116903186184, 51.09631333070841], [6.493384566688124, 51.096582674344944], [6.502269854024011, 51.09716112576913], [6.502291875816442, 51.09492708939803], [6.503576520178239, 51.09493214666446], [6.503613829155091, 51.091129945717164], [6.480870015709165, 51.09103926727429], [6.480842479970138, 51.09371840185931], [6.480829713809303, 51.09495410755167]]], ""type"": ""Polygon""}";4000154601;aufrechterhaltenes Bergwerkseigentum;Braunkohle;886 515 m²;RWE Energie Aktiengesellschaft in Essen
Union 250;1952-07-10;nein;51.064761038381754, 6.494361462715577;"{""coordinates"": [[[6.494870720868901, 51.06769645746782], [6.497430093321315, 51.063230018151316], [6.494647350876004, 51.062833449491926], [6.490818877496971, 51.06412523604445], [6.494870720868901, 51.06769645746782]]], ""type"": ""Polygon""}";4000092501;aufrechterhaltenes Bergwerkseigentum;Braunkohle;126 141 m²;Rheinbraun Verkaufsgesellschaft mit beschränkter Haftung in Köln
Jüchen 3 b;1957-06-22;nein;51.0890056459711, 6.505538061221139;"{""coordinates"": [[[6.502269854024011, 51.09716112576913], [6.506212967728778, 51.097417671842216], [6.507926014578055, 51.09741023670399], [6.509651565916565, 51.09724987273235], [6.512130577591584, 51.09680755175385], [6.513775155670188, 51.096611585138106], [6.512657062576014, 51.093277138054354], [6.514865365881829, 51.08897500861255], [6.510414923929526, 51.08895806834313], [6.510481064280178, 51.0820956794379], [6.496053919322324, 51.08203958032086], [6.495983811514813, 51.089049486283734], [6.503633879666708, 51.089079526322365], [6.503613829155091, 51.091129945717164], [6.503576520178239, 51.09493214666446], [6.502291875816442, 51.09492708939803], [6.502269854024011, 51.09716112576913]]], ""type"": ""Polygon""}";4000154701;aufrechterhaltenes Bergwerkseigentum;Braunkohle;1 440 613 m²;RWE Energie Aktiengesellschaft in Essen
Jüchen 4 a;1957-02-16;nein;51.07967494714317, 6.511422718627118;"{""coordinates"": [[[6.510414923929526, 51.08895806834313], [6.514865365881829, 51.08897500861255], [6.51576945202785, 51.08721249415938], [6.521521617653526, 51.082624329979026], [6.529032215292434, 51.07766952323125], [6.52669318255287, 51.07685930705352], [6.523901160389327, 51.07601794785106], [6.517866721231636, 51.074660131243064], [6.496128188905876, 51.07457609000682], [6.496118015211961, 51.075594643537556], [6.496053919322324, 51.08203958032086], [6.510481064280178, 51.0820956794379], [6.510414923929526, 51.08895806834313]]], ""type"": ""Polygon""}";4000154801;aufrechterhaltenes Bergwerkseigentum;Braunkohle;2 086 726 m²;RWE Energie Aktiengesellschaft in Essen
Union 228;1931-05-07;nein;51.156737075399995, 6.52195569471592;"{""coordinates"": [[[6.520918926304533, 51.15706637183967], [6.506588390687399, 51.15494444186234], [6.502846583463485, 51.16191421814605], [6.534493792506603, 51.16222200189415], [6.535530150126484, 51.15520809658701], [6.532367292779749, 51.15096922438389], [6.526589780067602, 51.148287329841075], [6.519745880667273, 51.1478304084315], [6.51784340588022, 51.14981648009131], [6.521855156022371, 51.15328551610163], [6.520918926304533, 51.15706637183967]]], ""type"": ""Polygon""}";4000092301;aufrechterhaltenes Bergwerkseigentum;Braunkohle;2 199 890 m²;Rheinbraun Verkaufsgesellschaft mit beschränkter Haftung in Köln
Union 5;1912-11-01;nein;51.118513731900386, 6.523897879078014;"{""coordinates"": [[[6.525349640788431, 51.10684541859155], [6.524384859909625, 51.10999108918404], [6.523728384870299, 51.11104559027967], [6.522477589294388, 51.11305408602629], [6.51971500446576, 51.11584688863945], [6.516189759981362, 51.11827597916186], [6.511997514809537, 51.120241332428925], [6.514343197135307, 51.12435666774692], [6.518921323008525, 51.12842204483547], [6.520379700738009, 51.12866993067383], [6.522155950441626, 51.12897184625263], [6.536230048458687, 51.11296050339353], [6.535217464016604, 51.11295678042957], [6.525349640788431, 51.10684541859155]]], ""type"": ""Polygon""}";4000089601;aufrechterhaltenes Bergwerkseigentum;Braunkohle;1 864 101 m²;Rheinbraun Verkaufsgesellschaft mit beschränkter Haftung in Köln
Lehwald;1926-02-26;nein;51.06093776057338, 6.557777842976259;"{""coordinates"": [[[6.542181372054705, 51.07043741175491], [6.560512534453466, 51.07814001970848], [6.562097827741061, 51.07177740892509], [6.562753204271721, 51.070634441705366], [6.563908674068279, 51.0689847389807], [6.563763958684802, 51.06857374903094], [6.562399386758265, 51.066643213090984], [6.56254843882516, 51.06399971766347], [6.564949577841142, 51.064015163041105], [6.564953146894842, 51.06477919650905], [6.564951437496163, 51.0653365253672], [6.563827761450871, 51.06561161321889], [6.56509602043614, 51.067843766010945], [6.56494191899182, 51.06818781631913], [6.574718207736583, 51.06744445484932], [6.580471254735191, 51.06744501964122], [6.576320345364242, 51.0492553978155], [6.554368686981662, 51.048604767966495], [6.531516163863928, 51.05885717079058], [6.539524696130957, 51.06569078097654], [6.542181372054705, 51.07043741175491]]], ""type"": ""Polygon""}";4000083301;aufrechterhaltenes Bergwerkseigentum;Braunkohle;6 677 668 m²;Rheinische Braunkohlenwerke Aktiengesellschaft in Köln
Heimat;1902-02-22;nein;51.07617272020184, 6.574298270881071;"{""coordinates"": [[[6.568733040935938, 51.085711242884216], [6.584301408476908, 51.084215996788906], [6.581362082509771, 51.0713465663843], [6.580471254735191, 51.06744501964122], [6.574718207736583, 51.06744445484932], [6.56494191899182, 51.06818781631913], [6.56509602043614, 51.067843766010945], [6.563827761450871, 51.06561161321889], [6.564951437496163, 51.0653365253672], [6.564953146894842, 51.06477919650905], [6.563111258403167, 51.06476291646997], [6.563060829169946, 51.06589395243466], [6.564685158891677, 51.068893807619], [6.568526873934582, 51.084757718600045], [6.568733040935938, 51.085711242884216]]], ""type"": ""Polygon""}";4000040101;aufrechterhaltenes Bergwerkseigentum;Braunkohle;2 186 374 m²;RWE Rheinbraun Aktiengesellschaft in Köln
Neurath 3;1959-09-05;nein;51.04480997282126, 6.599623916380085;"{""coordinates"": [[[6.580397116646735, 51.04312453699611], [6.627404527317829, 51.05186953262714], [6.591070105175691, 51.03943584884052], [6.580397116646735, 51.04312453699611]]], ""type"": ""Polygon""}";4000316801;aufrechterhaltenes Bergwerkseigentum;Braunkohle;1 040 731 m²;Martinswerk Gesellschaft mit beschränkter Haftung für chemische und metallurgische Produktion in Bergheim
Prinzessin Victoria;1861-08-18;nein;51.05769267047489, 6.600005605548243;"{""coordinates"": [[[6.581362082509771, 51.0713465663843], [6.627172865940188, 51.06676414608133], [6.627404527317829, 51.05186953262714], [6.580397116646735, 51.04312453699611], [6.574697037033583, 51.04213785243123], [6.576320345364242, 51.0492553978155], [6.580471254735191, 51.06744501964122], [6.581362082509771, 51.0713465663843]]], ""type"": ""Polygon""}";4000316601;aufrechterhaltenes Bergwerkseigentum;Braunkohle;8 421 307 m²;Martinswerk Gesellschaft mit beschränkter Haftung für chemische und metallurgische Produktion in Bergheim
Union 13;1912-11-01;nein;51.11415384432335, 6.582049402465845;"{""coordinates"": [[[6.580976986369643, 51.11938952655815], [6.585010711771564, 51.12077986275193], [6.589278882288363, 51.12225035305578], [6.592060589547093, 51.11909036346474], [6.594021340561974, 51.114952672758974], [6.594369257272963, 51.11065701506127], [6.592948373107305, 51.10976280550171], [6.593037203507717, 51.107998661817824], [6.563620907467898, 51.11115059235788], [6.566022324939135, 51.11423279135452], [6.580976986369643, 51.11938952655815]]], ""type"": ""Polygon""}";4000090101;aufrechterhaltenes Bergwerkseigentum;Braunkohle;1 983 978 m²;Rheinbraun Verkaufsgesellschaft mit beschränkter Haftung in Köln
Merkur I;1906-05-19;nein;51.01877750013201, 6.643058560683654;"{""coordinates"": [[[6.628056254744348, 51.021469474155055], [6.658888373596222, 51.02611091351683], [6.65892061432849, 51.02111312972468], [6.638478838553969, 51.00929234863768], [6.627258885603037, 51.0189188376318], [6.628107920702543, 51.01905246719613], [6.628056254744348, 51.021469474155055]]], ""type"": ""Polygon""}";4000094301;aufrechterhaltenes Bergwerkseigentum;Braunkohle;2 188 080 m²;Rheinische Braunkohlenwerke Aktiengesellschaft in Köln
Vesta;1906-05-19;nein;51.012867298574605, 6.654065946586508;"{""coordinates"": [[[6.638478838553969, 51.00929234863768], [6.65892061432849, 51.02111312972468], [6.664459217512375, 51.02422838007516], [6.668306381646006, 51.02439977436917], [6.668340285170006, 51.01897058383267], [6.64745763888947, 51.000435523013245], [6.64294966205927, 51.005565048319994], [6.638478838553969, 51.00929234863768]]], ""type"": ""Polygon""}";4000095401;aufrechterhaltenes Bergwerkseigentum;Braunkohle;2 195 609 m²;Rheinische Braunkohlenwerke Aktiengesellschaft in Köln
Sonntag;1910-03-19;nein;51.02452836218339, 6.724362265715294;"{""coordinates"": [[[6.715285080044802, 51.016120350770606], [6.715216526468224, 51.029235161099685], [6.715202811074624, 51.03185087099383], [6.73510315953601, 51.03189064274947], [6.735148628109234, 51.02244332023739], [6.73017450261715, 51.02243373172741], [6.730205376618114, 51.01615053714326], [6.715285080044802, 51.016120350770606]]], ""type"": ""Polygon""}";4000183301;aufrechterhaltenes Bergwerkseigentum;Braunkohle;2 199 029 m²;Rheinische Braunkohlenwerke Aktiengesellschaft in Köln
Union 11;1912-07-01;nein;51.08856557243358, 6.45327688180821;"{""coordinates"": [[[6.437987751751135, 51.08946026338577], [6.439851085476734, 51.090750138054034], [6.444956821581346, 51.09428492679436], [6.4526681191389, 51.09662863668138], [6.461349060394212, 51.097429976938805], [6.461357360280479, 51.09666591921404], [6.461492152559554, 51.08408206859534], [6.462538205112948, 51.084086443074916], [6.462615438495642, 51.07686080763299], [6.460840055996327, 51.077404702393636], [6.437987751751135, 51.08946026338577]]], ""type"": ""Polygon""}";4000187101;aufrechterhaltenes Bergwerkseigentum;Braunkohle;2 199 919 m²;Rheinbraun Verkaufsgesellschaft mit beschränkter Haftung in Köln
Union 187;1929-09-12;nein;51.0942422478748, 6.4328454516086335;"{""coordinates"": [[[6.444226837588272, 51.10346835380749], [6.444291727191781, 51.09761875587429], [6.452656808855691, 51.097655260547675], [6.4526681191389, 51.09662863668138], [6.444956821581346, 51.09428492679436], [6.439851085476734, 51.090750138054034], [6.434613993999638, 51.09119129468609], [6.42984564805737, 51.087520816545236], [6.427545897309759, 51.08393284705746], [6.42205962224222, 51.08815957856882], [6.410765524984702, 51.09215217652849], [6.415803741639142, 51.09218465582958], [6.421947783731953, 51.09289619528769], [6.421924878619632, 51.094873710325565], [6.43153281683349, 51.09981628263161], [6.444226837588272, 51.10346835380749]]], ""type"": ""Polygon""}";4000187501;aufrechterhaltenes Bergwerkseigentum;Braunkohle;2 199 841 m²;Rheinbraun Verkaufsgesellschaft mit beschränkter Haftung in Köln
Schroederwerk 13;1923-07-03;nein;51.14566167490379, 6.499137543583849;"{""coordinates"": [[[6.489351472412801, 51.139361905725586], [6.486614897753707, 51.14710818843035], [6.49289576015846, 51.152077212829596], [6.51214697656556, 51.152152297563084], [6.51784340588022, 51.14981648009131], [6.50454436361755, 51.144761170244635], [6.501388607695365, 51.1358499524498], [6.498874216223913, 51.13584006793558], [6.489351472412801, 51.139361905725586]]], ""type"": ""Polygon""}";4000048801;aufrechterhaltenes Bergwerkseigentum;Braunkohle;2 199 930 m²;Ilse Feldesbesitz Gesellschaft mit beschränkter Haftung in Bonn
Jüchen 8;1912-07-25;nein;51.11801570220434, 6.5080808777059564;"{""coordinates"": [[[6.499029419945117, 51.12019110781259], [6.49972390212167, 51.12217136309621], [6.501135735509193, 51.123839836703134], [6.503439132862734, 51.124927432412825], [6.506295737765779, 51.124938588993466], [6.50761009426488, 51.124455129989904], [6.50717411082731, 51.12422286786432], [6.504865548212405, 51.122209381672526], [6.511997514809537, 51.120241332428925], [6.516189759981362, 51.11827597916186], [6.51971500446576, 51.11584688863945], [6.522477589294388, 51.11305408602629], [6.523728384870299, 51.11104559027967], [6.520888717697569, 51.11038718772617], [6.518404257705882, 51.1103778986712], [6.518358580625346, 51.115186707671675], [6.511153055513888, 51.119388159463625], [6.504824122431096, 51.11296344011997], [6.501222739391378, 51.11504004705095], [6.499413548950728, 51.11746897996266], [6.499029419945117, 51.12019110781259]]], ""type"": ""Polygon""}";4000048301;aufrechterhaltenes Bergwerkseigentum;Braunkohle;929 051 m²;Ilse Feldesbesitz Gesellschaft mit beschränkter Haftung in Bonn
Elsen 5;1911-03-06;nein;51.103949746880495, 6.5333468336064415;"{""coordinates"": [[[6.515071735693001, 51.10047749994162], [6.52095321439918, 51.10412172926991], [6.525349640788431, 51.10684541859155], [6.535217464016604, 51.11295678042957], [6.536230048458687, 51.11296050339353], [6.541291564694417, 51.112978687082006], [6.54479329552839, 51.097530233062564], [6.543566934872738, 51.096289897670225], [6.515071735693001, 51.10047749994162]]], ""type"": ""Polygon""}";4000089001;aufrechterhaltenes Bergwerkseigentum;Braunkohle;2 199 948 m²;Rheinbraun Verkaufsgesellschaft mit beschränkter Haftung in Köln
Union 227;1931-03-31;nein;51.14908182891242, 6.5398104474113135;"{""coordinates"": [[[6.519745880667273, 51.1478304084315], [6.526589780067602, 51.148287329841075], [6.532367292779749, 51.15096922438389], [6.535530150126484, 51.15520809658701], [6.557593535741644, 51.1553604724689], [6.553926004903568, 51.150267116679025], [6.553988121860369, 51.14317168984323], [6.540264457116625, 51.148522170084625], [6.52768595662396, 51.139540774874966], [6.519745880667273, 51.1478304084315]]], ""type"": ""Polygon""}";4000092201;aufrechterhaltenes Bergwerkseigentum;Braunkohle;2 199 931 m²;Rheinbraun Verkaufsgesellschaft mit beschränkter Haftung in Köln
Jüchen 6;1912-03-14;nein;51.06886851063219, 6.530835667804101;"{""coordinates"": [[[6.530136880331175, 51.07694070106915], [6.543538542264016, 51.07586251831661], [6.542181372054705, 51.07043741175491], [6.539524696130957, 51.06569078097654], [6.531516163863928, 51.05885717079058], [6.528466930899913, 51.06312239616373], [6.51520767748507, 51.06386619254064], [6.513083773698331, 51.0638580542797], [6.527208104692792, 51.0746948833387], [6.530136880331175, 51.07694070106915]]], ""type"": ""Polygon""}";4000155301;aufrechterhaltenes Bergwerkseigentum;Braunkohle;2 199 991 m²;RWE Energie Aktiengesellschaft in Essen
Elsen 2;1911-03-06;nein;51.10487185904551, 6.552191317575313;"{""coordinates"": [[[6.541291564694417, 51.112978687082006], [6.545940513121106, 51.112995184032705], [6.554316601806293, 51.111451824327126], [6.558384300972773, 51.11070124059064], [6.561698812655522, 51.108682382499396], [6.569005460686349, 51.10422974052784], [6.546036236828976, 51.09582668848897], [6.546049745560257, 51.09429869633188], [6.540690809111333, 51.09338079089764], [6.541761001265493, 51.09446317441287], [6.543566934872738, 51.096289897670225], [6.54479329552839, 51.097530233062564], [6.541291564694417, 51.112978687082006]]], ""type"": ""Polygon""}";4000088601;aufrechterhaltenes Bergwerkseigentum;Braunkohle;2 200 002 m²;Rheinbraun Verkaufsgesellschaft mit beschränkter Haftung in Köln
Capellen 2;1912-07-25;nein;51.14853351950506, 6.566905433782818;"{""coordinates"": [[[6.558316965227225, 51.156364293966874], [6.56760764236947, 51.15639571287947], [6.57132394954357, 51.15640812823578], [6.571399203919434, 51.14741948660984], [6.587200772942166, 51.14747075754214], [6.587234266320427, 51.14328187847976], [6.583223924115886, 51.14326918952069], [6.558103339556463, 51.143185774761584], [6.553988121860369, 51.14317168984323], [6.553926004903568, 51.150267116679025], [6.557593535741644, 51.1553604724689], [6.558316965227225, 51.156364293966874]]], ""type"": ""Polygon""}";4000087901;aufrechterhaltenes Bergwerkseigentum;Braunkohle;2 199 965 m²;Rheinbraun Verkaufsgesellschaft mit beschränkter Haftung in Köln
Capellen 7;1912-07-25;nein;51.15375876452106, 6.593543233520585;"{""coordinates"": [[[6.587065534401169, 51.16431535317035], [6.600205905831236, 51.164356279502044], [6.600368791207552, 51.14332297892705], [6.587234266320427, 51.14328187847976], [6.587200772942166, 51.14747075754214], [6.587181454709222, 51.149880201600006], [6.584562705857723, 51.149871812415796], [6.584543106763549, 51.15228116047839], [6.587161992043765, 51.15228955192658], [6.587065534401169, 51.16431535317035]]], ""type"": ""Polygon""}";4000088401;aufrechterhaltenes Bergwerkseigentum;Braunkohle;2 199 962 m²;Rheinbraun Verkaufsgesellschaft mit beschränkter Haftung in Köln
Sophia;;ja;51.11258723491435, 6.227666860038062;"{""coordinates"": [[[6.143426903910269, 51.2944469158068], [6.348123969271272, 51.08348315315604], [6.457115368586246, 51.06875415432534], [6.358728657256729, 50.993930586567195], [6.156209906894845, 51.0109942880882], [6.132932312133764, 51.06628876232578], [6.094300445230564, 51.133215659609796], [6.101612826783649, 51.13560528178612], [6.10234664563987, 51.13487322918764], [6.106545474235201, 51.13656555594909], [6.117321161025744, 51.138471774670606], [6.122964000106842, 51.140519683131544], [6.126423411981207, 51.14390080779971], [6.134685331786544, 51.14406776949422], [6.145376804667262, 51.14606384053355], [6.156631723221691, 51.14691169654287], [6.16008431953505, 51.14857914449854], [6.164891567340333, 51.14741151371472], [6.1644068398869, 51.15191100150731], [6.179063219341346, 51.1583316913265], [6.141697133333542, 51.173238450376715], [6.183331111437568, 51.18612632506254], [6.165306257656312, 51.19551669166084], [6.121789701904032, 51.182103522930525], [6.116091642243404, 51.17961153297081], [6.109892599556145, 51.17445587430993], [6.101421351266703, 51.17241750557719], [6.083242055081127, 51.172406403210985], [6.074563570352177, 51.183073783546455], [6.07041774408989, 51.220143658253946], [6.083719057910024, 51.22109623116073], [6.088291453550593, 51.22226740418282], [6.074481582935753, 51.242206063229915], [6.086246597783878, 51.24680836880537], [6.125853899422101, 51.27431633029253], [6.130307174141008, 51.285262515878294], [6.143426903910269, 51.2944469158068]]], ""type"": ""Polygon""}";1100425201;Erlaubnis zu gewerblichen Zwecken;Kohlenwasserstoffe;392 690 200 m²;Auskunft erteilt Bezirksregierung Arnsberg, Dez. 65
GEFGA Düsseldorf;;ja;51.20314910507105, 6.7290938893590715;"{""coordinates"": [[[6.686507075318322, 51.22588316123441], [6.772390816815941, 51.225347400569376], [6.771638944300817, 51.180408213004036], [6.685838737066329, 51.18094306569991], [6.686507075318322, 51.22588316123441]]], ""type"": ""Polygon""}";1100429801;Erlaubnis zu gewerblichen Zwecken;Erdwärme;29 998 500 m²;Auskunft erteilt Bezirksregierung Arnsberg, Dez. 65
Garzweiler 7;1909-03-09;nein;51.067845674204776, 6.435250733570792;"{""coordinates"": [[[6.428323553455039, 51.07584630001663], [6.441607408475591, 51.077164199454906], [6.43709361033145, 51.068694564316665], [6.451500354508565, 51.067634334358864], [6.451558960633291, 51.062268195516566], [6.431419401486647, 51.06203558822369], [6.42300463894474, 51.06193750356483], [6.422890590657178, 51.07181253277653], [6.428369290460521, 51.071837473419734], [6.428323553455039, 51.07584630001663]]], ""type"": ""Polygon""}";4000186201;aufrechterhaltenes Bergwerkseigentum;Braunkohle;2 199 930 m²;Rheinbraun Verkaufsgesellschaft mit beschränkter Haftung in Köln
Garzweiler 8;1909-03-09;nein;51.07101454898776, 6.452672235092403;"{""coordinates"": [[[6.441607408475591, 51.077164199454906], [6.460840055996327, 51.077404702393636], [6.462615438495642, 51.07686080763299], [6.467912201288801, 51.075237050513046], [6.460959101012591, 51.07161212158392], [6.461018229538728, 51.06610209254163], [6.463186577917405, 51.06611133317968], [6.463227170252058, 51.06231817083728], [6.451558960633291, 51.062268195516566], [6.451500354508565, 51.067634334358864], [6.43709361033145, 51.068694564316665], [6.441607408475591, 51.077164199454906]]], ""type"": ""Polygon""}";4000186301;aufrechterhaltenes Bergwerkseigentum;Braunkohle;2 199 926 m²;Rheinbraun Verkaufsgesellschaft mit beschränkter Haftung in Köln
Jüchen 10;1912-07-25;nein;51.112331688168716, 6.491785005198059;"{""coordinates"": [[[6.482772190980647, 51.12012611875349], [6.48344758258852, 51.12012879143893], [6.499029419945117, 51.12019110781259], [6.499413548950728, 51.11746897996266], [6.501222739391378, 51.11504004705095], [6.504824122431096, 51.11296344011997], [6.497857687552846, 51.10588873473238], [6.49514880899022, 51.10587810105595], [6.495167302227133, 51.10402246444912], [6.482937975149374, 51.10397338993981], [6.482772190980647, 51.12012611875349]]], ""type"": ""Polygon""}";4000048501;aufrechterhaltenes Bergwerkseigentum;Braunkohle;2 199 933 m²;Ilse Feldesbesitz Gesellschaft mit beschränkter Haftung in Bonn
Schroederwerk 11;1923-07-05;nein;51.12926067094279, 6.490869857781129;"{""coordinates"": [[[6.48344758258852, 51.12012879143893], [6.48334162431411, 51.13046518702152], [6.483250584964988, 51.13933719606892], [6.489351472412801, 51.139361905725586], [6.498874216223913, 51.13584006793558], [6.499029419945117, 51.12019110781259], [6.48344758258852, 51.12012879143893]]], ""type"": ""Polygon""}";4000048601;aufrechterhaltenes Bergwerkseigentum;Braunkohle;2 199 938 m²;Ilse Feldesbesitz Gesellschaft mit beschränkter Haftung in Bonn
Jüchen 7;1912-07-25;nein;51.10948353850329, 6.511429470539203;"{""coordinates"": [[[6.511153055513888, 51.119388159463625], [6.518358580625346, 51.115186707671675], [6.518404257705882, 51.1103778986712], [6.520888717697569, 51.11038718772617], [6.523728384870299, 51.11104559027967], [6.524384859909625, 51.10999108918404], [6.525349640788431, 51.10684541859155], [6.52095321439918, 51.10412172926991], [6.502202105085676, 51.10405009306195], [6.495167302227133, 51.10402246444912], [6.49514880899022, 51.10587810105595], [6.497857687552846, 51.10588873473238], [6.504824122431096, 51.11296344011997], [6.511153055513888, 51.119388159463625]]], ""type"": ""Polygon""}";4000048201;aufrechterhaltenes Bergwerkseigentum;Braunkohle;1 956 859 m²;Ilse Feldesbesitz Gesellschaft mit beschränkter Haftung in Bonn
Frimmersdorf;1940-04-07;nein;51.04158049053344, 6.552792083894452;"{""coordinates"": [[[6.531516163863928, 51.05885717079058], [6.554368686981662, 51.048604767966495], [6.576320345364242, 51.0492553978155], [6.574697037033583, 51.04213785243123], [6.567144359843356, 51.02548571889132], [6.556005821192256, 51.02551858099868], [6.555774749938589, 51.026340398965786], [6.554545326505049, 51.026866724912544], [6.554455179345359, 51.02732470896908], [6.554289294595141, 51.028465292999215], [6.554693742432001, 51.03105580533037], [6.55490271333856, 51.03184393124644], [6.542096585335271, 51.032171180305546], [6.542111889661307, 51.03519138610823], [6.542135396731291, 51.03744752873958], [6.542353821337919, 51.038455064547634], [6.542549200714449, 51.03894135266862], [6.538976395819036, 51.03925467640679], [6.538983673432875, 51.03907701498333], [6.538242125471329, 51.039074429791086], [6.531622869152858, 51.040555753594475], [6.53045231702734, 51.04273602383147], [6.529821138694209, 51.04469330190193], [6.529715871142862, 51.045277226203865], [6.529203673622637, 51.04671355588526], [6.531516163863928, 51.05885717079058]]], ""type"": ""Polygon""}";4000269101;aufrechterhaltenes Bergwerkseigentum;Braunkohle;6 663 688 m²;Rheinische Braunkohlenwerke Aktiengesellschaft in Köln
Union 16;1912-11-01;nein;51.10470300517131, 6.578979756412388;"{""coordinates"": [[[6.563620907467898, 51.11115059235788], [6.593037203507717, 51.107998661817824], [6.593066897437914, 51.10741079542691], [6.591149237397532, 51.10253907013203], [6.587751851831061, 51.09889674424865], [6.582710390157436, 51.095635750171105], [6.574545555497243, 51.100750836922096], [6.569005460686349, 51.10422974052784], [6.561698812655522, 51.108682382499396], [6.563620907467898, 51.11115059235788]]], ""type"": ""Polygon""}";4000090301;aufrechterhaltenes Bergwerkseigentum;Braunkohle;1 998 916 m²;Rheinbraun Verkaufsgesellschaft mit beschränkter Haftung in Köln
Union 8;1912-11-01;nein;51.124933040715085, 6.57080021863755;"{""coordinates"": [[[6.566205027361055, 51.131456109980086], [6.562195726291344, 51.132539174229166], [6.56438339353488, 51.13400277645114], [6.567611181745097, 51.13411253125216], [6.57340424450704, 51.13237162890797], [6.573913141754676, 51.132218771507844], [6.576968173591036, 51.13063542948842], [6.579221692951466, 51.129467483269714], [6.580509512772846, 51.12838015117261], [6.582774415486684, 51.126467670053266], [6.584032252525637, 51.12485622905875], [6.585083858652048, 51.12350880492424], [6.585010711771564, 51.12077986275193], [6.580976986369643, 51.11938952655815], [6.579438595731492, 51.12216929355155], [6.559151476849363, 51.116124218289805], [6.557107293673282, 51.11634188572758], [6.55689882748868, 51.11732993132291], [6.566205027361055, 51.131456109980086]]], ""type"": ""Polygon""}";4000090001;aufrechterhaltenes Bergwerkseigentum;Braunkohle;2 114 692 m²;Rheinbraun Verkaufsgesellschaft mit beschränkter Haftung in Köln
Neurath 1;1911-07-04;nein;51.02998642782446, 6.615333598922568;"{""coordinates"": [[[6.627404527317829, 51.05186953262714], [6.627546262515787, 51.045261434707655], [6.627845989887446, 51.031275929160614], [6.628056254744348, 51.021469474155055], [6.628107920702543, 51.01905246719613], [6.627258885603037, 51.0189188376318], [6.615742860107281, 51.017104672393614], [6.603300240944769, 51.01514317494299], [6.594017004595105, 51.0265018179779], [6.599286170039231, 51.02702145513011], [6.60638508855078, 51.028903915995386], [6.603253182839553, 51.032184052722755], [6.604212046417184, 51.03542324822699], [6.627404527317829, 51.05186953262714]]], ""type"": ""Polygon""}";4000084401;aufrechterhaltenes Bergwerkseigentum;Braunkohle;5 432 073 m²;Rheinische Braunkohlenwerke Aktiengesellschaft in Köln
Apollo;1906-05-19;nein;51.03667118471714, 6.656456757888637;"{""coordinates"": [[[6.643818390995335, 51.04563116793718], [6.659923597348214, 51.038014910033446], [6.677609818515309, 51.0321260597649], [6.681010805993237, 51.02834096664175], [6.676706947524375, 51.025858626892926], [6.651727505466585, 51.0355936463737], [6.633950122731053, 51.041631184752006], [6.631171975154353, 51.04534481968074], [6.643818390995335, 51.04563116793718]]], ""type"": ""Polygon""}";4000224901;aufrechterhaltenes Bergwerkseigentum;Braunkohle;2 188 837 m²;Rheinische Braunkohlenwerke Aktiengesellschaft in Köln
Balthasar;1905-01-06;nein;51.00437488830098, 6.694443645897867;"{""coordinates"": [[[6.681182180967694, 51.023505240770476], [6.688734543371634, 51.02133862535844], [6.693162941936, 51.014562053565804], [6.697318494333912, 51.010463474349066], [6.703751827378505, 50.99615820260759], [6.708674979787148, 50.991791276391325], [6.694758387962847, 50.99203029595974], [6.687523575910848, 51.00415778644696], [6.687480648927359, 51.01151970167912], [6.693424931102392, 51.011101932048504], [6.688307377834226, 51.01638464429772], [6.684636730315549, 51.020214427724056], [6.681237445746427, 51.01903784920535], [6.681193050789319, 51.02170746647604], [6.681182180967694, 51.023505240770476]]], ""type"": ""Polygon""}";4000086601;aufrechterhaltenes Bergwerkseigentum;Braunkohle;2 189 178 m²;Rheinische Braunkohlenwerke Aktiengesellschaft in Köln
Zeus;1906-05-19;nein;51.00946592501925, 6.7028856498766265;"{""coordinates"": [[[6.688734543371634, 51.02133862535844], [6.698835783303747, 51.019410916644844], [6.707402751395095, 51.016463254662774], [6.715333109540729, 51.006961564195365], [6.708335436708551, 51.00694686528764], [6.70862871518097, 50.99385844901126], [6.708674979787148, 50.991791276391325], [6.703751827378505, 50.99615820260759], [6.697318494333912, 51.010463474349066], [6.693162941936, 51.014562053565804], [6.688734543371634, 51.02133862535844]]], ""type"": ""Polygon""}";4000231201;aufrechterhaltenes Bergwerkseigentum;Braunkohle;2 188 926 m²;Rheinische Braunkohlenwerke Aktiengesellschaft in Köln
Union 34;1914-03-16;nein;51.04375347983793, 6.825494367798725;"{""coordinates"": [[[6.810586440544453, 51.04048721539872], [6.813318139044404, 51.04235126180761], [6.814440928433322, 51.04810554857126], [6.822091266702503, 51.05066765682708], [6.829534133584106, 51.0512243796622], [6.836365524503096, 51.05109693060915], [6.840514965918776, 51.04570783547213], [6.831575105446367, 51.045428829542466], [6.831821637214408, 51.02817037281022], [6.825793958522071, 51.0375121640858], [6.810586440544453, 51.04048721539872]]], ""type"": ""Polygon""}";4000181701;aufrechterhaltenes Bergwerkseigentum;Braunkohle;2 199 576 m²;Rheinbraun Verkaufsgesellschaft mit beschränkter Haftung in Köln
Saxon 2;;ja;51.112154187824444, 6.228159919067906;"{""coordinates"": [[[6.348123969271272, 51.08348315315604], [6.457115368586246, 51.06875415432534], [6.358728657256729, 50.993930586567195], [6.156209906894845, 51.0109942880882], [6.132932312133764, 51.06628876232578], [6.094300445230564, 51.133215659609796], [6.118737186987313, 51.13812765841301], [6.12704310786143, 51.143335166712845], [6.164934492798647, 51.14737612679095], [6.165846367753448, 51.15160430163643], [6.178753077133905, 51.158308915149895], [6.143721163906749, 51.17306296784575], [6.183469686512532, 51.186400309168576], [6.166007059768478, 51.19601210079412], [6.116603437152708, 51.18042432219834], [6.10851484795062, 51.17465179688347], [6.098641613579024, 51.172263993979925], [6.083841529438899, 51.17298047184012], [6.075112301644017, 51.18341905962598], [6.071132210300609, 51.220499486047665], [6.088024814103615, 51.22121387661624], [6.075882602792576, 51.24206633373554], [6.086445955901516, 51.24586548089977], [6.126647029129853, 51.27337690617799], [6.131480811732394, 51.284451479086975], [6.143426903910269, 51.2944469158068], [6.348123969271272, 51.08348315315604]]], ""type"": ""Polygon""}";1100422001;Erlaubnis zu gewerblichen Zwecken;Kohlenwasserstoffe;390 911 900 m²;Auskunft erteilt Bezirksregierung Arnsberg, Dez. 65
Garzweiler 6;1909-03-09;nein;51.061351690924084, 6.4721509094802805;"{""coordinates"": [[[6.463186577917405, 51.06611133317968], [6.470347902123375, 51.07155226380746], [6.480934070712429, 51.06745955465042], [6.481053956617827, 51.05594719240195], [6.481078717279369, 51.05338544884557], [6.463323148567131, 51.05331169790557], [6.463227170252058, 51.06231817083728], [6.463186577917405, 51.06611133317968]]], ""type"": ""Polygon""}";4000273801;aufrechterhaltenes Bergwerkseigentum;Braunkohle;2 200 006 m²;Rheinbraun Verkaufsgesellschaft mit beschränkter Haftung in Köln
Union 48;1914-06-26;nein;51.03564933145622, 6.502837991302508;"{""coordinates"": [[[6.489001925428512, 51.041309489491596], [6.51620613004601, 51.0414150006732], [6.516185099835252, 51.04362388855501], [6.521589359542636, 51.03907168631095], [6.507974769994401, 51.035972748800134], [6.507266640006075, 51.03254522985203], [6.512783899368812, 51.02656171426679], [6.503602277197468, 51.0267915129588], [6.500358004462448, 51.02837445263034], [6.493784830150346, 51.030730476049136], [6.489485139133452, 51.037257267714274], [6.489001925428512, 51.041309489491596]]], ""type"": ""Polygon""}";4000281901;aufrechterhaltenes Bergwerkseigentum;Braunkohle;2 199 920 m²;Rheinbraun Verkaufsgesellschaft mit beschränkter Haftung in Köln
Heimat I;1902-02-24;nein;51.07929413683361, 6.555519515686954;"{""coordinates"": [[[6.546286610471346, 51.08692860183926], [6.554828692628986, 51.08609520572423], [6.568526873934582, 51.084757718600045], [6.564685158891677, 51.068893807619], [6.563060829169946, 51.06589395243466], [6.563111258403167, 51.06476291646997], [6.564953146894842, 51.06477919650905], [6.564949577841142, 51.064015163041105], [6.56254843882516, 51.06399971766347], [6.562399386758265, 51.066643213090984], [6.563763958684802, 51.06857374903094], [6.563908674068279, 51.0689847389807], [6.562753204271721, 51.070634441705366], [6.562097827741061, 51.07177740892509], [6.560512534453466, 51.07814001970848], [6.542181372054705, 51.07043741175491], [6.543538542264016, 51.07586251831661], [6.546286610471346, 51.08692860183926]]], ""type"": ""Polygon""}";4000040201;aufrechterhaltenes Bergwerkseigentum;Braunkohle;2 188 388 m²;RWE Rheinbraun Aktiengesellschaft in Köln
Union 6;1912-11-01;nein;51.12066630274951, 6.561215662916509;"{""coordinates"": [[[6.552158692985657, 51.12711052899123], [6.557651845465673, 51.13153493213032], [6.555632509986943, 51.132605911405626], [6.55818994163955, 51.13317274409396], [6.562195726291344, 51.132539174229166], [6.566205027361055, 51.131456109980086], [6.55689882748868, 51.11732993132291], [6.557107293673282, 51.11634188572758], [6.559151476849363, 51.116124218289805], [6.579438595731492, 51.12216929355155], [6.580976986369643, 51.11938952655815], [6.566022324939135, 51.11423279135452], [6.563620907467898, 51.11115059235788], [6.561698812655522, 51.108682382499396], [6.558384300972773, 51.11070124059064], [6.554316601806293, 51.111451824327126], [6.553267416892232, 51.11448595416457], [6.551650510478093, 51.11485790415615], [6.551681005336979, 51.116251182705334], [6.552169041363517, 51.11661253333523], [6.552158692985657, 51.12711052899123]]], ""type"": ""Polygon""}";4000089701;aufrechterhaltenes Bergwerkseigentum;Braunkohle;2 050 292 m²;Rheinbraun Verkaufsgesellschaft mit beschränkter Haftung in Köln
Barbara;1905-03-13;nein;51.010381749203084, 6.6636240529101345;"{""coordinates"": [[[6.64745763888947, 51.000435523013245], [6.668340285170006, 51.01897058383267], [6.668306381646006, 51.02439977436917], [6.674050193777504, 51.02441392769921], [6.681176755106687, 51.02443106494095], [6.681182180967694, 51.023505240770476], [6.681193050789319, 51.02170746647604], [6.674537299141157, 51.021691427982105], [6.674566911086725, 51.01683750018795], [6.672328661891769, 51.012346538841165], [6.652466137790363, 50.99484855822651], [6.64745763888947, 51.000435523013245]]], ""type"": ""Polygon""}";4000087701;aufrechterhaltenes Bergwerkseigentum;Braunkohle;2 188 780 m²;Rheinische Braunkohlenwerke Aktiengesellschaft in Köln
Düsseldorf;;nein;51.266881110661316, 6.793311262794964;"{""coordinates"": [[[6.80857830399727, 51.34014288786995], [6.857384322980664, 51.34104613519864], [6.864300266794677, 51.19214219196005], [6.733660732785303, 51.18968359289028], [6.726778363302799, 51.26026727616256], [6.706318231514864, 51.27045352777295], [6.733243578707278, 51.299568791777794], [6.737258361787872, 51.32148280768614], [6.727083095972104, 51.33045910871816], [6.726634086634316, 51.33953385705232], [6.74373913539963, 51.3514393475078], [6.80857830399727, 51.34014288786995]]], ""type"": ""Polygon""}";1100416501;Erlaubnis zu gewerblichen Zwecken;Erdwärme;157 870 800 m²;Stadtwerke Düsseldorf AG
Salvea - Lust auf grüne Energie;;nein;51.3348954465335, 6.542922202389621;"{""coordinates"": [[[6.402018472927649, 51.433943704696325], [6.474485488216871, 51.433043080889064], [6.488755146992689, 51.40925506432478], [6.570514115764774, 51.38452635721593], [6.648426999982133, 51.41890601525999], [6.640753734299736, 51.43557675467966], [6.689603841623435, 51.43260274595011], [6.686908830403589, 51.25284696173086], [6.400446096640559, 51.254178990361865], [6.402018472927649, 51.433943704696325]]], ""type"": ""Polygon""}";1100415601;Erlaubnis zu gewerblichen Zwecken;Erdwärme;357 264 900 m²;Hoever, Wolfgang K.
Union 59;1915-04-22;nein;51.11321544904921, 6.454829543094778;"{""coordinates"": [[[6.444043709689029, 51.11996226183188], [6.457917158955714, 51.120022460597475], [6.460372358612452, 51.120032936684765], [6.46318161725938, 51.12004475107862], [6.463245027970519, 51.11411239542403], [6.470650278889203, 51.114143568433974], [6.470698708664499, 51.110188617481796], [6.46121681047475, 51.110148682934856], [6.461257020798402, 51.10640500268908], [6.444195007330223, 51.10633123924577], [6.444043709689029, 51.11996226183188]]], ""type"": ""Polygon""}";4000112101;aufrechterhaltenes Bergwerkseigentum;Braunkohle;2 199 939 m²;Rheinbraun Verkaufsgesellschaft mit beschränkter Haftung in Köln
Union 92;1925-10-10;nein;51.136676499538815, 6.470713684410895;"{""coordinates"": [[[6.46009425090659, 51.14585823182027], [6.483249372062, 51.13945409358263], [6.483250584964988, 51.13933719606892], [6.48334162431411, 51.13046518702152], [6.460261247472804, 51.13036923847594], [6.460118329149579, 51.143651859748964], [6.46009425090659, 51.14585823182027]]], ""type"": ""Polygon""}";4000112401;aufrechterhaltenes Bergwerkseigentum;Braunkohle;2 199 894 m²;Rheinbraun Verkaufsgesellschaft mit beschränkter Haftung in Köln
Jüchen 9 b;1957-06-22;nein;51.09647164012958, 6.474530679729863;"{""coordinates"": [[[6.480842479970138, 51.09371840185931], [6.476263070372618, 51.095460154042776], [6.470866181009116, 51.096515319330074], [6.47082927731536, 51.099525237453804], [6.473890874471637, 51.09722068461298], [6.474897823984898, 51.09656941360419], [6.476190440694279, 51.09594391184328], [6.477513215705114, 51.09548004300666], [6.478965996548856, 51.09515954347511], [6.480829713809303, 51.09495410755167], [6.480842479970138, 51.09371840185931]]], ""type"": ""Polygon""}";4000155401;aufrechterhaltenes Bergwerkseigentum;Braunkohle;91 969 m²;Vereinigte Aluminium-Werke Aktiengesellschaft in Bonn und Berlin
Jüchen 5 b;1957-02-16;nein;51.068834277891554, 6.50990628267866;"{""coordinates"": [[[6.494627606814049, 51.068122156048524], [6.496816536774932, 51.06918785047548], [6.500061912148126, 51.06981219390894], [6.512228468207101, 51.07339102451489], [6.517866721231636, 51.074660131243064], [6.527208104692792, 51.0746948833387], [6.513083773698331, 51.0638580542797], [6.501727623519232, 51.063814163942475], [6.497430093321315, 51.063230018151316], [6.494870720868901, 51.06769645746782], [6.494627606814049, 51.068122156048524]]], ""type"": ""Polygon""}";4000155101;aufrechterhaltenes Bergwerkseigentum;Braunkohle;1 571 094 m²;RWE Energie Aktiengesellschaft in Essen
Elsen 3;1911-03-06;nein;51.092917016577324, 6.524425482802213;"{""coordinates"": [[[6.521521617653526, 51.082624329979026], [6.51576945202785, 51.08721249415938], [6.514865365881829, 51.08897500861255], [6.512657062576014, 51.093277138054354], [6.513775155670188, 51.096611585138106], [6.515071735693001, 51.10047749994162], [6.543566934872738, 51.096289897670225], [6.541761001265493, 51.09446317441287], [6.538111681062209, 51.094450113786095], [6.521521617653526, 51.082624329979026]]], ""type"": ""Polygon""}";4000088701;aufrechterhaltenes Bergwerkseigentum;Braunkohle;2 199 937 m²;Rheinbraun Verkaufsgesellschaft mit beschränkter Haftung in Köln
Union 15;1912-11-01;nein;51.12869054454226, 6.542864118980189;"{""coordinates"": [[[6.533128893412526, 51.133425855919015], [6.529058014231, 51.132846544782296], [6.532749939406851, 51.134251427032375], [6.53127541772375, 51.13579128611833], [6.539658870397163, 51.13648763307025], [6.546566811463012, 51.13570320658099], [6.55371770522919, 51.13324724058318], [6.554078849884593, 51.13343009192754], [6.555632509986943, 51.132605911405626], [6.557651845465673, 51.13153493213032], [6.552158692985657, 51.12711052899123], [6.540641651513662, 51.11783026573433], [6.538360689767623, 51.1173726548758], [6.536968858259352, 51.11808678105663], [6.533128893412526, 51.133425855919015]]], ""type"": ""Polygon""}";4000090201;aufrechterhaltenes Bergwerkseigentum;Braunkohle;2 185 806 m²;Rheinbraun Verkaufsgesellschaft mit beschränkter Haftung in Köln
Capellen 6;1912-07-25;nein;51.13825517432461, 6.600384339321245;"{""coordinates"": [[[6.583223924115886, 51.14326918952069], [6.587234266320427, 51.14328187847976], [6.600368791207552, 51.14332297892705], [6.613803183379459, 51.143363237337894], [6.613856089499536, 51.13625343986433], [6.611504259522982, 51.1328396929143], [6.606934774983886, 51.12955409611886], [6.601077861940974, 51.12953638991726], [6.601026235881454, 51.13621496827222], [6.583280515524402, 51.13629381832762], [6.583223924115886, 51.14326918952069]]], ""type"": ""Polygon""}";4000088301;aufrechterhaltenes Bergwerkseigentum;Braunkohle;2 199 961 m²;Rheinbraun Verkaufsgesellschaft mit beschränkter Haftung in Köln
Gnom;1905-03-11;nein;51.00461880292724, 6.669529980113118;"{""coordinates"": [[[6.652466137790363, 50.99484855822651], [6.672328661891769, 51.012346538841165], [6.674566911086725, 51.01683750018795], [6.674537299141157, 51.021691427982105], [6.681193050789319, 51.02170746647604], [6.681237445746427, 51.01903784920535], [6.673288180485515, 51.00229018913424], [6.673333503282356, 50.994901409591144], [6.671617806699372, 50.99129261688355], [6.658886848541179, 50.99758879907905], [6.654146966591913, 50.992668626757805], [6.652466137790363, 50.99484855822651]]], ""type"": ""Polygon""}";4000088801;aufrechterhaltenes Bergwerkseigentum;Braunkohle;2 188 373 m²;Rheinische Braunkohlenwerke Aktiengesellschaft in Köln
Melchior;1905-01-06;nein;50.99627630833787, 6.686566436363437;"{""coordinates"": [[[6.678952579373055, 50.9842540202264], [6.684700503994178, 51.014209948387936], [6.688307377834226, 51.01638464429772], [6.693424931102392, 51.011101932048504], [6.687480648927359, 51.01151970167912], [6.687523575910848, 51.00415778644696], [6.694758387962847, 50.99203029595974], [6.691160424995463, 50.98363532549124], [6.678952579373055, 50.9842540202264]]], ""type"": ""Polygon""}";4000093201;aufrechterhaltenes Bergwerkseigentum;Braunkohle;2 188 367 m²;Rheinische Braunkohlenwerke Aktiengesellschaft in Köln
Hendrik;1912-12-24;nein;51.05472506441024, 6.796292319256432;"{""coordinates"": [[[6.779048800296112, 51.06237591736073], [6.805138259325505, 51.06241304280424], [6.805146361626664, 51.06012085860437], [6.805201136011196, 51.043374713560475], [6.79423661416962, 51.04335976806104], [6.794186350106991, 51.0575531276673], [6.779067356528297, 51.05753084864285], [6.779048800296112, 51.06237591736073]]], ""type"": ""Polygon""}";4000189801;aufrechterhaltenes Bergwerkseigentum;Braunkohle;2 200 049 m²;Rheinbraun Verkaufsgesellschaft mit beschränkter Haftung in Köln
Ruhr;;ja;51.37070993395942, 7.387257405014877;"{""coordinates"": [[[6.168556867326807, 51.5732845282926], [6.375453432375214, 51.50222155431628], [6.409772401338546, 51.496835060564806], [6.424075935725961, 51.48644757763552], [6.474485488216871, 51.433043080889064], [6.488755146992689, 51.40925506432478], [6.570514115764774, 51.38452635721593], [6.626528111482566, 51.40910201236867], [6.651489635673413, 51.3765173321047], [6.746668522410473, 51.39499556109846], [6.764360400403242, 51.403887899346635], [7.164020151156184, 51.38569394203316], [7.44875577232614, 51.44632120454412], [7.599557642944349, 51.458328520894305], [7.729866982987472, 51.49373731107824], [7.95765029425289, 51.5339324761032], [8.243749573543585, 51.49643387933802], [8.074401710591783, 51.21732183453195], [7.57121144289462, 51.31411309789961], [7.006755698911425, 51.206000231044456], [6.491079448929761, 51.357957149510334], [6.223553368939521, 51.435508654430606], [6.225888886126072, 51.45414592006531], [6.228419720859571, 51.4768724665953], [6.218603049472127, 51.491865674951384], [6.218932192130677, 51.515396212577876], [6.20247398647802, 51.53007664439611], [6.180742322322086, 51.54077218432719], [6.161609245077398, 51.56744101778804], [6.168556867326807, 51.5732845282926]]], ""type"": ""Polygon""}";1100424601;Erlaubnis zu gewerblichen Zwecken;Kohlenwasserstoffe;2 492 855 300 m²;Auskunft erteilt Bezirksregierung Arnsberg, Dez. 65
